2024-10-04 15:15:41 [error]: uncaughtException: require is not defined in ES module scope, you can use import instead
This file is being treated as an ES module because it has a '.js' file extension and 'C:\code\Retail_code\BackEnd - Node\2CQR_RETAIL_API - 02-04-2024\package.json' contains "type": "module". To treat it as a CommonJS script, rename it to use the '.cjs' file extension.
ReferenceError: require is not defined in ES module scope, you can use import instead
This file is being treated as an ES module because it has a '.js' file extension and 'C:\code\Retail_code\BackEnd - Node\2CQR_RETAIL_API - 02-04-2024\package.json' contains "type": "module". To treat it as a CommonJS script, rename it to use the '.cjs' file extension.
    at file:///C:/code/Retail_code/BackEnd%20-%20Node/2CQR_RETAIL_API%20-%2002-04-2024/controllers/Products/Product.js:15:15
    at ModuleJob.run (node:internal/modules/esm/module_job:234:25)
    at async ModuleLoader.import (node:internal/modules/esm/loader:473:24)
    at async asyncRunEntryPointWithESMLoader (node:internal/modules/run_main:123:5)
2024-10-04 15:15:47 [error]: uncaughtException: require is not defined in ES module scope, you can use import instead
This file is being treated as an ES module because it has a '.js' file extension and 'C:\code\Retail_code\BackEnd - Node\2CQR_RETAIL_API - 02-04-2024\package.json' contains "type": "module". To treat it as a CommonJS script, rename it to use the '.cjs' file extension.
ReferenceError: require is not defined in ES module scope, you can use import instead
This file is being treated as an ES module because it has a '.js' file extension and 'C:\code\Retail_code\BackEnd - Node\2CQR_RETAIL_API - 02-04-2024\package.json' contains "type": "module". To treat it as a CommonJS script, rename it to use the '.cjs' file extension.
    at file:///C:/code/Retail_code/BackEnd%20-%20Node/2CQR_RETAIL_API%20-%2002-04-2024/controllers/Products/Product.js:15:15
    at ModuleJob.run (node:internal/modules/esm/module_job:234:25)
    at async ModuleLoader.import (node:internal/modules/esm/loader:473:24)
    at async asyncRunEntryPointWithESMLoader (node:internal/modules/run_main:123:5)
2024-10-04 15:16:10 [error]: uncaughtException: require is not defined in ES module scope, you can use import instead
This file is being treated as an ES module because it has a '.js' file extension and 'C:\code\Retail_code\BackEnd - Node\2CQR_RETAIL_API - 02-04-2024\package.json' contains "type": "module". To treat it as a CommonJS script, rename it to use the '.cjs' file extension.
ReferenceError: require is not defined in ES module scope, you can use import instead
This file is being treated as an ES module because it has a '.js' file extension and 'C:\code\Retail_code\BackEnd - Node\2CQR_RETAIL_API - 02-04-2024\package.json' contains "type": "module". To treat it as a CommonJS script, rename it to use the '.cjs' file extension.
    at file:///C:/code/Retail_code/BackEnd%20-%20Node/2CQR_RETAIL_API%20-%2002-04-2024/controllers/Products/Product.js:15:15
    at ModuleJob.run (node:internal/modules/esm/module_job:234:25)
    at async ModuleLoader.import (node:internal/modules/esm/loader:473:24)
    at async asyncRunEntryPointWithESMLoader (node:internal/modules/run_main:123:5)
2024-10-04 15:16:25 [error]: uncaughtException: require is not defined in ES module scope, you can use import instead
This file is being treated as an ES module because it has a '.js' file extension and 'C:\code\Retail_code\BackEnd - Node\2CQR_RETAIL_API - 02-04-2024\package.json' contains "type": "module". To treat it as a CommonJS script, rename it to use the '.cjs' file extension.
ReferenceError: require is not defined in ES module scope, you can use import instead
This file is being treated as an ES module because it has a '.js' file extension and 'C:\code\Retail_code\BackEnd - Node\2CQR_RETAIL_API - 02-04-2024\package.json' contains "type": "module". To treat it as a CommonJS script, rename it to use the '.cjs' file extension.
    at file:///C:/code/Retail_code/BackEnd%20-%20Node/2CQR_RETAIL_API%20-%2002-04-2024/controllers/Products/Product.js:15:15
    at ModuleJob.run (node:internal/modules/esm/module_job:234:25)
    at async ModuleLoader.import (node:internal/modules/esm/loader:473:24)
    at async asyncRunEntryPointWithESMLoader (node:internal/modules/run_main:123:5)
2024-10-04 15:17:03 [error]: uncaughtException: require is not defined in ES module scope, you can use import instead
This file is being treated as an ES module because it has a '.js' file extension and 'C:\code\Retail_code\BackEnd - Node\2CQR_RETAIL_API - 02-04-2024\package.json' contains "type": "module". To treat it as a CommonJS script, rename it to use the '.cjs' file extension.
ReferenceError: require is not defined in ES module scope, you can use import instead
This file is being treated as an ES module because it has a '.js' file extension and 'C:\code\Retail_code\BackEnd - Node\2CQR_RETAIL_API - 02-04-2024\package.json' contains "type": "module". To treat it as a CommonJS script, rename it to use the '.cjs' file extension.
    at file:///C:/code/Retail_code/BackEnd%20-%20Node/2CQR_RETAIL_API%20-%2002-04-2024/controllers/Products/Product.js:15:15
    at ModuleJob.run (node:internal/modules/esm/module_job:234:25)
    at async ModuleLoader.import (node:internal/modules/esm/loader:473:24)
    at async asyncRunEntryPointWithESMLoader (node:internal/modules/run_main:123:5)
2024-10-04 15:17:27 [error]: uncaughtException: require is not defined in ES module scope, you can use import instead
This file is being treated as an ES module because it has a '.js' file extension and 'C:\code\Retail_code\BackEnd - Node\2CQR_RETAIL_API - 02-04-2024\package.json' contains "type": "module". To treat it as a CommonJS script, rename it to use the '.cjs' file extension.
ReferenceError: require is not defined in ES module scope, you can use import instead
This file is being treated as an ES module because it has a '.js' file extension and 'C:\code\Retail_code\BackEnd - Node\2CQR_RETAIL_API - 02-04-2024\package.json' contains "type": "module". To treat it as a CommonJS script, rename it to use the '.cjs' file extension.
    at file:///C:/code/Retail_code/BackEnd%20-%20Node/2CQR_RETAIL_API%20-%2002-04-2024/controllers/Products/Product.js:15:15
    at ModuleJob.run (node:internal/modules/esm/module_job:234:25)
    at async ModuleLoader.import (node:internal/modules/esm/loader:473:24)
    at async asyncRunEntryPointWithESMLoader (node:internal/modules/run_main:123:5)
2024-10-04 15:17:58 [error]: uncaughtException: require is not defined in ES module scope, you can use import instead
This file is being treated as an ES module because it has a '.js' file extension and 'C:\code\Retail_code\BackEnd - Node\2CQR_RETAIL_API - 02-04-2024\package.json' contains "type": "module". To treat it as a CommonJS script, rename it to use the '.cjs' file extension.
ReferenceError: require is not defined in ES module scope, you can use import instead
This file is being treated as an ES module because it has a '.js' file extension and 'C:\code\Retail_code\BackEnd - Node\2CQR_RETAIL_API - 02-04-2024\package.json' contains "type": "module". To treat it as a CommonJS script, rename it to use the '.cjs' file extension.
    at file:///C:/code/Retail_code/BackEnd%20-%20Node/2CQR_RETAIL_API%20-%2002-04-2024/controllers/Products/Product.js:15:15
    at ModuleJob.run (node:internal/modules/esm/module_job:234:25)
    at async ModuleLoader.import (node:internal/modules/esm/loader:473:24)
    at async asyncRunEntryPointWithESMLoader (node:internal/modules/run_main:123:5)
2024-10-04 15:19:28 [error]: uncaughtException: require is not defined in ES module scope, you can use import instead
This file is being treated as an ES module because it has a '.js' file extension and 'C:\code\Retail_code\BackEnd - Node\2CQR_RETAIL_API - 02-04-2024\package.json' contains "type": "module". To treat it as a CommonJS script, rename it to use the '.cjs' file extension.
ReferenceError: require is not defined in ES module scope, you can use import instead
This file is being treated as an ES module because it has a '.js' file extension and 'C:\code\Retail_code\BackEnd - Node\2CQR_RETAIL_API - 02-04-2024\package.json' contains "type": "module". To treat it as a CommonJS script, rename it to use the '.cjs' file extension.
    at file:///C:/code/Retail_code/BackEnd%20-%20Node/2CQR_RETAIL_API%20-%2002-04-2024/controllers/Products/Product.js:15:15
    at ModuleJob.run (node:internal/modules/esm/module_job:234:25)
    at async ModuleLoader.import (node:internal/modules/esm/loader:473:24)
    at async asyncRunEntryPointWithESMLoader (node:internal/modules/run_main:123:5)
2024-10-04 15:21:02 [error]: uncaughtException: require is not defined in ES module scope, you can use import instead
This file is being treated as an ES module because it has a '.js' file extension and 'C:\code\Retail_code\BackEnd - Node\2CQR_RETAIL_API - 02-04-2024\package.json' contains "type": "module". To treat it as a CommonJS script, rename it to use the '.cjs' file extension.
ReferenceError: require is not defined in ES module scope, you can use import instead
This file is being treated as an ES module because it has a '.js' file extension and 'C:\code\Retail_code\BackEnd - Node\2CQR_RETAIL_API - 02-04-2024\package.json' contains "type": "module". To treat it as a CommonJS script, rename it to use the '.cjs' file extension.
    at file:///C:/code/Retail_code/BackEnd%20-%20Node/2CQR_RETAIL_API%20-%2002-04-2024/controllers/Products/Product.js:15:15
    at ModuleJob.run (node:internal/modules/esm/module_job:234:25)
    at async ModuleLoader.import (node:internal/modules/esm/loader:473:24)
    at async asyncRunEntryPointWithESMLoader (node:internal/modules/run_main:123:5)
2024-10-04 15:21:21 [error]: uncaughtException: require is not defined in ES module scope, you can use import instead
This file is being treated as an ES module because it has a '.js' file extension and 'C:\code\Retail_code\BackEnd - Node\2CQR_RETAIL_API - 02-04-2024\package.json' contains "type": "module". To treat it as a CommonJS script, rename it to use the '.cjs' file extension.
ReferenceError: require is not defined in ES module scope, you can use import instead
This file is being treated as an ES module because it has a '.js' file extension and 'C:\code\Retail_code\BackEnd - Node\2CQR_RETAIL_API - 02-04-2024\package.json' contains "type": "module". To treat it as a CommonJS script, rename it to use the '.cjs' file extension.
    at file:///C:/code/Retail_code/BackEnd%20-%20Node/2CQR_RETAIL_API%20-%2002-04-2024/controllers/Products/Product.js:2:15
    at ModuleJob.run (node:internal/modules/esm/module_job:234:25)
    at async ModuleLoader.import (node:internal/modules/esm/loader:473:24)
    at async asyncRunEntryPointWithESMLoader (node:internal/modules/run_main:123:5)
2024-10-04 15:21:58 [error]: uncaughtException: require is not defined in ES module scope, you can use import instead
This file is being treated as an ES module because it has a '.js' file extension and 'C:\code\Retail_code\BackEnd - Node\2CQR_RETAIL_API - 02-04-2024\package.json' contains "type": "module". To treat it as a CommonJS script, rename it to use the '.cjs' file extension.
ReferenceError: require is not defined in ES module scope, you can use import instead
This file is being treated as an ES module because it has a '.js' file extension and 'C:\code\Retail_code\BackEnd - Node\2CQR_RETAIL_API - 02-04-2024\package.json' contains "type": "module". To treat it as a CommonJS script, rename it to use the '.cjs' file extension.
    at file:///C:/code/Retail_code/BackEnd%20-%20Node/2CQR_RETAIL_API%20-%2002-04-2024/index.js:11:15
    at ModuleJob.run (node:internal/modules/esm/module_job:234:25)
    at async ModuleLoader.import (node:internal/modules/esm/loader:473:24)
    at async asyncRunEntryPointWithESMLoader (node:internal/modules/run_main:123:5)
2024-10-04 15:22:09 [error]: uncaughtException: require is not defined in ES module scope, you can use import instead
This file is being treated as an ES module because it has a '.js' file extension and 'C:\code\Retail_code\BackEnd - Node\2CQR_RETAIL_API - 02-04-2024\package.json' contains "type": "module". To treat it as a CommonJS script, rename it to use the '.cjs' file extension.
ReferenceError: require is not defined in ES module scope, you can use import instead
This file is being treated as an ES module because it has a '.js' file extension and 'C:\code\Retail_code\BackEnd - Node\2CQR_RETAIL_API - 02-04-2024\package.json' contains "type": "module". To treat it as a CommonJS script, rename it to use the '.cjs' file extension.
    at file:///C:/code/Retail_code/BackEnd%20-%20Node/2CQR_RETAIL_API%20-%2002-04-2024/controllers/Products/Product.js:15:15
    at ModuleJob.run (node:internal/modules/esm/module_job:234:25)
    at async ModuleLoader.import (node:internal/modules/esm/loader:473:24)
    at async asyncRunEntryPointWithESMLoader (node:internal/modules/run_main:123:5)
2024-10-07 13:26:31 [error]: uncaughtException: Converting circular structure to JSON
    --> starting at object with constructor 'DerivedLogger'
    |     property '_readableState' -> object with constructor 'ReadableState'
    |     property 'pipes' -> object with constructor 'Array'
    |     index 0 -> object with constructor 'Console'
    --- property 'parent' closes the circle
TypeError: Converting circular structure to JSON
    --> starting at object with constructor 'DerivedLogger'
    |     property '_readableState' -> object with constructor 'ReadableState'
    |     property 'pipes' -> object with constructor 'Array'
    |     index 0 -> object with constructor 'Console'
    --- property 'parent' closes the circle
    at JSON.stringify (<anonymous>)
    at file:///C:/code/Retail_code/BackEnd%20-%20Node/2CQR_RETAIL_API%20-%2002-04-2024/middleware/logmiddleware.js:63:19
    at ModuleJob.run (node:internal/modules/esm/module_job:234:25)
    at async ModuleLoader.import (node:internal/modules/esm/loader:473:24)
    at async asyncRunEntryPointWithESMLoader (node:internal/modules/run_main:123:5)
2024-10-07 13:30:07 [error]: uncaughtException: Cannot set headers after they are sent to the client
Error [ERR_HTTP_HEADERS_SENT]: Cannot set headers after they are sent to the client
    at ServerResponse.setHeader (node:_http_outgoing:659:11)
    at ServerResponse.header (C:\code\Retail_code\BackEnd - Node\2CQR_RETAIL_API - 02-04-2024\node_modules\express\lib\response.js:794:10)
    at ServerResponse.send (C:\code\Retail_code\BackEnd - Node\2CQR_RETAIL_API - 02-04-2024\node_modules\express\lib\response.js:174:12)
    at ServerResponse.json (C:\code\Retail_code\BackEnd - Node\2CQR_RETAIL_API - 02-04-2024\node_modules\express\lib\response.js:278:15)
    at addProduct (file:///C:/code/Retail_code/BackEnd%20-%20Node/2CQR_RETAIL_API%20-%2002-04-2024/controllers/Products/Product.js:536:25)
    at process.processTicksAndRejections (node:internal/process/task_queues:95:5)
2024-10-07 13:30:27 [error]: uncaughtException: Cannot set headers after they are sent to the client
Error [ERR_HTTP_HEADERS_SENT]: Cannot set headers after they are sent to the client
    at ServerResponse.setHeader (node:_http_outgoing:659:11)
    at ServerResponse.header (C:\code\Retail_code\BackEnd - Node\2CQR_RETAIL_API - 02-04-2024\node_modules\express\lib\response.js:794:10)
    at ServerResponse.send (C:\code\Retail_code\BackEnd - Node\2CQR_RETAIL_API - 02-04-2024\node_modules\express\lib\response.js:174:12)
    at ServerResponse.json (C:\code\Retail_code\BackEnd - Node\2CQR_RETAIL_API - 02-04-2024\node_modules\express\lib\response.js:278:15)
    at addProduct (file:///C:/code/Retail_code/BackEnd%20-%20Node/2CQR_RETAIL_API%20-%2002-04-2024/controllers/Products/Product.js:536:25)
    at process.processTicksAndRejections (node:internal/process/task_queues:95:5)
2024-10-07 14:23:02 [error]: uncaughtException: require is not defined in ES module scope, you can use import instead
This file is being treated as an ES module because it has a '.js' file extension and 'C:\code\Retail_code\BackEnd - Node\2CQR_RETAIL_API - 02-04-2024\package.json' contains "type": "module". To treat it as a CommonJS script, rename it to use the '.cjs' file extension.
ReferenceError: require is not defined in ES module scope, you can use import instead
This file is being treated as an ES module because it has a '.js' file extension and 'C:\code\Retail_code\BackEnd - Node\2CQR_RETAIL_API - 02-04-2024\package.json' contains "type": "module". To treat it as a CommonJS script, rename it to use the '.cjs' file extension.
    at file:///C:/code/Retail_code/BackEnd%20-%20Node/2CQR_RETAIL_API%20-%2002-04-2024/routes/v1/ProductsRoutes.js:7:16
    at ModuleJob.run (node:internal/modules/esm/module_job:234:25)
    at async ModuleLoader.import (node:internal/modules/esm/loader:473:24)
    at async asyncRunEntryPointWithESMLoader (node:internal/modules/run_main:123:5)
2024-10-07 14:23:14 [error]: uncaughtException: require is not defined in ES module scope, you can use import instead
This file is being treated as an ES module because it has a '.js' file extension and 'C:\code\Retail_code\BackEnd - Node\2CQR_RETAIL_API - 02-04-2024\package.json' contains "type": "module". To treat it as a CommonJS script, rename it to use the '.cjs' file extension.
ReferenceError: require is not defined in ES module scope, you can use import instead
This file is being treated as an ES module because it has a '.js' file extension and 'C:\code\Retail_code\BackEnd - Node\2CQR_RETAIL_API - 02-04-2024\package.json' contains "type": "module". To treat it as a CommonJS script, rename it to use the '.cjs' file extension.
    at file:///C:/code/Retail_code/BackEnd%20-%20Node/2CQR_RETAIL_API%20-%2002-04-2024/routes/v1/ProductsRoutes.js:7:16
    at ModuleJob.run (node:internal/modules/esm/module_job:234:25)
    at async ModuleLoader.import (node:internal/modules/esm/loader:473:24)
    at async asyncRunEntryPointWithESMLoader (node:internal/modules/run_main:123:5)
2024-10-07 14:23:48 [error]: uncaughtException: require is not defined in ES module scope, you can use import instead
This file is being treated as an ES module because it has a '.js' file extension and 'C:\code\Retail_code\BackEnd - Node\2CQR_RETAIL_API - 02-04-2024\package.json' contains "type": "module". To treat it as a CommonJS script, rename it to use the '.cjs' file extension.
ReferenceError: require is not defined in ES module scope, you can use import instead
This file is being treated as an ES module because it has a '.js' file extension and 'C:\code\Retail_code\BackEnd - Node\2CQR_RETAIL_API - 02-04-2024\package.json' contains "type": "module". To treat it as a CommonJS script, rename it to use the '.cjs' file extension.
    at file:///C:/code/Retail_code/BackEnd%20-%20Node/2CQR_RETAIL_API%20-%2002-04-2024/controllers/Products/Product.js:15:14
    at ModuleJob.run (node:internal/modules/esm/module_job:234:25)
    at async ModuleLoader.import (node:internal/modules/esm/loader:473:24)
    at async asyncRunEntryPointWithESMLoader (node:internal/modules/run_main:123:5)
2024-10-07 14:26:04 [error]: uncaughtException: require is not defined in ES module scope, you can use import instead
This file is being treated as an ES module because it has a '.js' file extension and 'C:\code\Retail_code\BackEnd - Node\2CQR_RETAIL_API - 02-04-2024\package.json' contains "type": "module". To treat it as a CommonJS script, rename it to use the '.cjs' file extension.
ReferenceError: require is not defined in ES module scope, you can use import instead
This file is being treated as an ES module because it has a '.js' file extension and 'C:\code\Retail_code\BackEnd - Node\2CQR_RETAIL_API - 02-04-2024\package.json' contains "type": "module". To treat it as a CommonJS script, rename it to use the '.cjs' file extension.
    at file:///C:/code/Retail_code/BackEnd%20-%20Node/2CQR_RETAIL_API%20-%2002-04-2024/controllers/Products/Product.js:15:14
    at ModuleJob.run (node:internal/modules/esm/module_job:234:25)
    at async ModuleLoader.import (node:internal/modules/esm/loader:473:24)
    at async asyncRunEntryPointWithESMLoader (node:internal/modules/run_main:123:5)
2024-10-07 14:26:54 [error]: uncaughtException: require is not defined in ES module scope, you can use import instead
This file is being treated as an ES module because it has a '.js' file extension and 'C:\code\Retail_code\BackEnd - Node\2CQR_RETAIL_API - 02-04-2024\package.json' contains "type": "module". To treat it as a CommonJS script, rename it to use the '.cjs' file extension.
ReferenceError: require is not defined in ES module scope, you can use import instead
This file is being treated as an ES module because it has a '.js' file extension and 'C:\code\Retail_code\BackEnd - Node\2CQR_RETAIL_API - 02-04-2024\package.json' contains "type": "module". To treat it as a CommonJS script, rename it to use the '.cjs' file extension.
    at file:///C:/code/Retail_code/BackEnd%20-%20Node/2CQR_RETAIL_API%20-%2002-04-2024/controllers/Products/Product.js:15:14
    at ModuleJob.run (node:internal/modules/esm/module_job:234:25)
    at async ModuleLoader.import (node:internal/modules/esm/loader:473:24)
    at async asyncRunEntryPointWithESMLoader (node:internal/modules/run_main:123:5)
2024-10-07 14:27:51 [error]: uncaughtException: require is not defined in ES module scope, you can use import instead
This file is being treated as an ES module because it has a '.js' file extension and 'C:\code\Retail_code\BackEnd - Node\2CQR_RETAIL_API - 02-04-2024\package.json' contains "type": "module". To treat it as a CommonJS script, rename it to use the '.cjs' file extension.
ReferenceError: require is not defined in ES module scope, you can use import instead
This file is being treated as an ES module because it has a '.js' file extension and 'C:\code\Retail_code\BackEnd - Node\2CQR_RETAIL_API - 02-04-2024\package.json' contains "type": "module". To treat it as a CommonJS script, rename it to use the '.cjs' file extension.
    at file:///C:/code/Retail_code/BackEnd%20-%20Node/2CQR_RETAIL_API%20-%2002-04-2024/controllers/Products/Product.js:15:14
    at ModuleJob.run (node:internal/modules/esm/module_job:234:25)
    at async ModuleLoader.import (node:internal/modules/esm/loader:473:24)
    at async asyncRunEntryPointWithESMLoader (node:internal/modules/run_main:123:5)
2024-10-07 14:28:09 [error]: uncaughtException: require is not defined in ES module scope, you can use import instead
This file is being treated as an ES module because it has a '.js' file extension and 'C:\code\Retail_code\BackEnd - Node\2CQR_RETAIL_API - 02-04-2024\package.json' contains "type": "module". To treat it as a CommonJS script, rename it to use the '.cjs' file extension.
ReferenceError: require is not defined in ES module scope, you can use import instead
This file is being treated as an ES module because it has a '.js' file extension and 'C:\code\Retail_code\BackEnd - Node\2CQR_RETAIL_API - 02-04-2024\package.json' contains "type": "module". To treat it as a CommonJS script, rename it to use the '.cjs' file extension.
    at file:///C:/code/Retail_code/BackEnd%20-%20Node/2CQR_RETAIL_API%20-%2002-04-2024/controllers/Products/Product.js:15:14
    at ModuleJob.run (node:internal/modules/esm/module_job:234:25)
    at async ModuleLoader.import (node:internal/modules/esm/loader:473:24)
    at async asyncRunEntryPointWithESMLoader (node:internal/modules/run_main:123:5)
2024-10-07 14:28:16 [error]: uncaughtException: require is not defined in ES module scope, you can use import instead
This file is being treated as an ES module because it has a '.js' file extension and 'C:\code\Retail_code\BackEnd - Node\2CQR_RETAIL_API - 02-04-2024\package.json' contains "type": "module". To treat it as a CommonJS script, rename it to use the '.cjs' file extension.
ReferenceError: require is not defined in ES module scope, you can use import instead
This file is being treated as an ES module because it has a '.js' file extension and 'C:\code\Retail_code\BackEnd - Node\2CQR_RETAIL_API - 02-04-2024\package.json' contains "type": "module". To treat it as a CommonJS script, rename it to use the '.cjs' file extension.
    at file:///C:/code/Retail_code/BackEnd%20-%20Node/2CQR_RETAIL_API%20-%2002-04-2024/controllers/Products/Product.js:15:14
    at ModuleJob.run (node:internal/modules/esm/module_job:234:25)
    at async ModuleLoader.import (node:internal/modules/esm/loader:473:24)
    at async asyncRunEntryPointWithESMLoader (node:internal/modules/run_main:123:5)
2024-10-07 14:28:47 [error]: uncaughtException: require is not defined in ES module scope, you can use import instead
This file is being treated as an ES module because it has a '.js' file extension and 'C:\code\Retail_code\BackEnd - Node\2CQR_RETAIL_API - 02-04-2024\package.json' contains "type": "module". To treat it as a CommonJS script, rename it to use the '.cjs' file extension.
ReferenceError: require is not defined in ES module scope, you can use import instead
This file is being treated as an ES module because it has a '.js' file extension and 'C:\code\Retail_code\BackEnd - Node\2CQR_RETAIL_API - 02-04-2024\package.json' contains "type": "module". To treat it as a CommonJS script, rename it to use the '.cjs' file extension.
    at file:///C:/code/Retail_code/BackEnd%20-%20Node/2CQR_RETAIL_API%20-%2002-04-2024/controllers/Products/Product.js:15:14
    at ModuleJob.run (node:internal/modules/esm/module_job:234:25)
    at async ModuleLoader.import (node:internal/modules/esm/loader:473:24)
    at async asyncRunEntryPointWithESMLoader (node:internal/modules/run_main:123:5)
2024-10-07 14:29:11 [error]: uncaughtException: require is not defined in ES module scope, you can use import instead
This file is being treated as an ES module because it has a '.js' file extension and 'C:\code\Retail_code\BackEnd - Node\2CQR_RETAIL_API - 02-04-2024\package.json' contains "type": "module". To treat it as a CommonJS script, rename it to use the '.cjs' file extension.
ReferenceError: require is not defined in ES module scope, you can use import instead
This file is being treated as an ES module because it has a '.js' file extension and 'C:\code\Retail_code\BackEnd - Node\2CQR_RETAIL_API - 02-04-2024\package.json' contains "type": "module". To treat it as a CommonJS script, rename it to use the '.cjs' file extension.
    at file:///C:/code/Retail_code/BackEnd%20-%20Node/2CQR_RETAIL_API%20-%2002-04-2024/controllers/Products/Product.js:15:14
    at ModuleJob.run (node:internal/modules/esm/module_job:234:25)
    at async ModuleLoader.import (node:internal/modules/esm/loader:473:24)
    at async asyncRunEntryPointWithESMLoader (node:internal/modules/run_main:123:5)
2024-10-07 14:29:16 [error]: uncaughtException: require is not defined in ES module scope, you can use import instead
This file is being treated as an ES module because it has a '.js' file extension and 'C:\code\Retail_code\BackEnd - Node\2CQR_RETAIL_API - 02-04-2024\package.json' contains "type": "module". To treat it as a CommonJS script, rename it to use the '.cjs' file extension.
ReferenceError: require is not defined in ES module scope, you can use import instead
This file is being treated as an ES module because it has a '.js' file extension and 'C:\code\Retail_code\BackEnd - Node\2CQR_RETAIL_API - 02-04-2024\package.json' contains "type": "module". To treat it as a CommonJS script, rename it to use the '.cjs' file extension.
    at file:///C:/code/Retail_code/BackEnd%20-%20Node/2CQR_RETAIL_API%20-%2002-04-2024/controllers/Products/Product.js:15:14
    at ModuleJob.run (node:internal/modules/esm/module_job:234:25)
    at async ModuleLoader.import (node:internal/modules/esm/loader:473:24)
    at async asyncRunEntryPointWithESMLoader (node:internal/modules/run_main:123:5)
2024-10-07 14:29:35 [error]: uncaughtException: require is not defined in ES module scope, you can use import instead
This file is being treated as an ES module because it has a '.js' file extension and 'C:\code\Retail_code\BackEnd - Node\2CQR_RETAIL_API - 02-04-2024\package.json' contains "type": "module". To treat it as a CommonJS script, rename it to use the '.cjs' file extension.
ReferenceError: require is not defined in ES module scope, you can use import instead
This file is being treated as an ES module because it has a '.js' file extension and 'C:\code\Retail_code\BackEnd - Node\2CQR_RETAIL_API - 02-04-2024\package.json' contains "type": "module". To treat it as a CommonJS script, rename it to use the '.cjs' file extension.
    at file:///C:/code/Retail_code/BackEnd%20-%20Node/2CQR_RETAIL_API%20-%2002-04-2024/controllers/Products/Product.js:5:14
    at ModuleJob.run (node:internal/modules/esm/module_job:234:25)
    at async ModuleLoader.import (node:internal/modules/esm/loader:473:24)
    at async asyncRunEntryPointWithESMLoader (node:internal/modules/run_main:123:5)
2024-10-07 14:29:39 [error]: uncaughtException: require is not defined in ES module scope, you can use import instead
This file is being treated as an ES module because it has a '.js' file extension and 'C:\code\Retail_code\BackEnd - Node\2CQR_RETAIL_API - 02-04-2024\package.json' contains "type": "module". To treat it as a CommonJS script, rename it to use the '.cjs' file extension.
ReferenceError: require is not defined in ES module scope, you can use import instead
This file is being treated as an ES module because it has a '.js' file extension and 'C:\code\Retail_code\BackEnd - Node\2CQR_RETAIL_API - 02-04-2024\package.json' contains "type": "module". To treat it as a CommonJS script, rename it to use the '.cjs' file extension.
    at file:///C:/code/Retail_code/BackEnd%20-%20Node/2CQR_RETAIL_API%20-%2002-04-2024/controllers/Products/Product.js:5:14
    at ModuleJob.run (node:internal/modules/esm/module_job:234:25)
    at async ModuleLoader.import (node:internal/modules/esm/loader:473:24)
    at async asyncRunEntryPointWithESMLoader (node:internal/modules/run_main:123:5)
2024-10-07 14:29:43 [error]: uncaughtException: require is not defined in ES module scope, you can use import instead
This file is being treated as an ES module because it has a '.js' file extension and 'C:\code\Retail_code\BackEnd - Node\2CQR_RETAIL_API - 02-04-2024\package.json' contains "type": "module". To treat it as a CommonJS script, rename it to use the '.cjs' file extension.
ReferenceError: require is not defined in ES module scope, you can use import instead
This file is being treated as an ES module because it has a '.js' file extension and 'C:\code\Retail_code\BackEnd - Node\2CQR_RETAIL_API - 02-04-2024\package.json' contains "type": "module". To treat it as a CommonJS script, rename it to use the '.cjs' file extension.
    at file:///C:/code/Retail_code/BackEnd%20-%20Node/2CQR_RETAIL_API%20-%2002-04-2024/routes/v1/ProductsRoutes.js:7:16
    at ModuleJob.run (node:internal/modules/esm/module_job:234:25)
    at async ModuleLoader.import (node:internal/modules/esm/loader:473:24)
    at async asyncRunEntryPointWithESMLoader (node:internal/modules/run_main:123:5)
2024-10-07 14:29:46 [error]: uncaughtException: require is not defined in ES module scope, you can use import instead
This file is being treated as an ES module because it has a '.js' file extension and 'C:\code\Retail_code\BackEnd - Node\2CQR_RETAIL_API - 02-04-2024\package.json' contains "type": "module". To treat it as a CommonJS script, rename it to use the '.cjs' file extension.
ReferenceError: require is not defined in ES module scope, you can use import instead
This file is being treated as an ES module because it has a '.js' file extension and 'C:\code\Retail_code\BackEnd - Node\2CQR_RETAIL_API - 02-04-2024\package.json' contains "type": "module". To treat it as a CommonJS script, rename it to use the '.cjs' file extension.
    at file:///C:/code/Retail_code/BackEnd%20-%20Node/2CQR_RETAIL_API%20-%2002-04-2024/controllers/Products/Product.js:5:14
    at ModuleJob.run (node:internal/modules/esm/module_job:234:25)
    at async ModuleLoader.import (node:internal/modules/esm/loader:473:24)
    at async asyncRunEntryPointWithESMLoader (node:internal/modules/run_main:123:5)
2024-10-07 14:29:55 [error]: uncaughtException: require is not defined in ES module scope, you can use import instead
This file is being treated as an ES module because it has a '.js' file extension and 'C:\code\Retail_code\BackEnd - Node\2CQR_RETAIL_API - 02-04-2024\package.json' contains "type": "module". To treat it as a CommonJS script, rename it to use the '.cjs' file extension.
ReferenceError: require is not defined in ES module scope, you can use import instead
This file is being treated as an ES module because it has a '.js' file extension and 'C:\code\Retail_code\BackEnd - Node\2CQR_RETAIL_API - 02-04-2024\package.json' contains "type": "module". To treat it as a CommonJS script, rename it to use the '.cjs' file extension.
    at file:///C:/code/Retail_code/BackEnd%20-%20Node/2CQR_RETAIL_API%20-%2002-04-2024/routes/v1/ProductsRoutes.js:7:16
    at ModuleJob.run (node:internal/modules/esm/module_job:234:25)
    at async ModuleLoader.import (node:internal/modules/esm/loader:473:24)
    at async asyncRunEntryPointWithESMLoader (node:internal/modules/run_main:123:5)
2024-10-07 14:30:12 [error]: uncaughtException: require is not defined in ES module scope, you can use import instead
This file is being treated as an ES module because it has a '.js' file extension and 'C:\code\Retail_code\BackEnd - Node\2CQR_RETAIL_API - 02-04-2024\package.json' contains "type": "module". To treat it as a CommonJS script, rename it to use the '.cjs' file extension.
ReferenceError: require is not defined in ES module scope, you can use import instead
This file is being treated as an ES module because it has a '.js' file extension and 'C:\code\Retail_code\BackEnd - Node\2CQR_RETAIL_API - 02-04-2024\package.json' contains "type": "module". To treat it as a CommonJS script, rename it to use the '.cjs' file extension.
    at file:///C:/code/Retail_code/BackEnd%20-%20Node/2CQR_RETAIL_API%20-%2002-04-2024/routes/v1/ProductsRoutes.js:7:16
    at ModuleJob.run (node:internal/modules/esm/module_job:234:25)
    at async ModuleLoader.import (node:internal/modules/esm/loader:473:24)
    at async asyncRunEntryPointWithESMLoader (node:internal/modules/run_main:123:5)
2024-10-07 14:30:15 [error]: uncaughtException: require is not defined in ES module scope, you can use import instead
This file is being treated as an ES module because it has a '.js' file extension and 'C:\code\Retail_code\BackEnd - Node\2CQR_RETAIL_API - 02-04-2024\package.json' contains "type": "module". To treat it as a CommonJS script, rename it to use the '.cjs' file extension.
ReferenceError: require is not defined in ES module scope, you can use import instead
This file is being treated as an ES module because it has a '.js' file extension and 'C:\code\Retail_code\BackEnd - Node\2CQR_RETAIL_API - 02-04-2024\package.json' contains "type": "module". To treat it as a CommonJS script, rename it to use the '.cjs' file extension.
    at file:///C:/code/Retail_code/BackEnd%20-%20Node/2CQR_RETAIL_API%20-%2002-04-2024/controllers/Products/Product.js:5:14
    at ModuleJob.run (node:internal/modules/esm/module_job:234:25)
    at async ModuleLoader.import (node:internal/modules/esm/loader:473:24)
    at async asyncRunEntryPointWithESMLoader (node:internal/modules/run_main:123:5)
2024-10-07 14:30:37 [error]: uncaughtException: require is not defined in ES module scope, you can use import instead
This file is being treated as an ES module because it has a '.js' file extension and 'C:\code\Retail_code\BackEnd - Node\2CQR_RETAIL_API - 02-04-2024\package.json' contains "type": "module". To treat it as a CommonJS script, rename it to use the '.cjs' file extension.
ReferenceError: require is not defined in ES module scope, you can use import instead
This file is being treated as an ES module because it has a '.js' file extension and 'C:\code\Retail_code\BackEnd - Node\2CQR_RETAIL_API - 02-04-2024\package.json' contains "type": "module". To treat it as a CommonJS script, rename it to use the '.cjs' file extension.
    at file:///C:/code/Retail_code/BackEnd%20-%20Node/2CQR_RETAIL_API%20-%2002-04-2024/controllers/Products/Product.js:5:14
    at ModuleJob.run (node:internal/modules/esm/module_job:234:25)
    at async ModuleLoader.import (node:internal/modules/esm/loader:473:24)
    at async asyncRunEntryPointWithESMLoader (node:internal/modules/run_main:123:5)
2024-10-07 14:30:46 [error]: uncaughtException: require is not defined in ES module scope, you can use import instead
This file is being treated as an ES module because it has a '.js' file extension and 'C:\code\Retail_code\BackEnd - Node\2CQR_RETAIL_API - 02-04-2024\package.json' contains "type": "module". To treat it as a CommonJS script, rename it to use the '.cjs' file extension.
ReferenceError: require is not defined in ES module scope, you can use import instead
This file is being treated as an ES module because it has a '.js' file extension and 'C:\code\Retail_code\BackEnd - Node\2CQR_RETAIL_API - 02-04-2024\package.json' contains "type": "module". To treat it as a CommonJS script, rename it to use the '.cjs' file extension.
    at file:///C:/code/Retail_code/BackEnd%20-%20Node/2CQR_RETAIL_API%20-%2002-04-2024/controllers/Products/Product.js:5:14
    at ModuleJob.run (node:internal/modules/esm/module_job:234:25)
    at async ModuleLoader.import (node:internal/modules/esm/loader:473:24)
    at async asyncRunEntryPointWithESMLoader (node:internal/modules/run_main:123:5)
2024-10-07 14:31:12 [error]: uncaughtException: require is not defined in ES module scope, you can use import instead
This file is being treated as an ES module because it has a '.js' file extension and 'C:\code\Retail_code\BackEnd - Node\2CQR_RETAIL_API - 02-04-2024\package.json' contains "type": "module". To treat it as a CommonJS script, rename it to use the '.cjs' file extension.
ReferenceError: require is not defined in ES module scope, you can use import instead
This file is being treated as an ES module because it has a '.js' file extension and 'C:\code\Retail_code\BackEnd - Node\2CQR_RETAIL_API - 02-04-2024\package.json' contains "type": "module". To treat it as a CommonJS script, rename it to use the '.cjs' file extension.
    at file:///C:/code/Retail_code/BackEnd%20-%20Node/2CQR_RETAIL_API%20-%2002-04-2024/controllers/Products/Product.js:5:14
    at ModuleJob.run (node:internal/modules/esm/module_job:234:25)
    at async ModuleLoader.import (node:internal/modules/esm/loader:473:24)
    at async asyncRunEntryPointWithESMLoader (node:internal/modules/run_main:123:5)
2024-10-07 14:31:17 [error]: uncaughtException: require is not defined in ES module scope, you can use import instead
This file is being treated as an ES module because it has a '.js' file extension and 'C:\code\Retail_code\BackEnd - Node\2CQR_RETAIL_API - 02-04-2024\package.json' contains "type": "module". To treat it as a CommonJS script, rename it to use the '.cjs' file extension.
ReferenceError: require is not defined in ES module scope, you can use import instead
This file is being treated as an ES module because it has a '.js' file extension and 'C:\code\Retail_code\BackEnd - Node\2CQR_RETAIL_API - 02-04-2024\package.json' contains "type": "module". To treat it as a CommonJS script, rename it to use the '.cjs' file extension.
    at file:///C:/code/Retail_code/BackEnd%20-%20Node/2CQR_RETAIL_API%20-%2002-04-2024/controllers/Products/Product.js:5:14
    at ModuleJob.run (node:internal/modules/esm/module_job:234:25)
    at async ModuleLoader.import (node:internal/modules/esm/loader:473:24)
    at async asyncRunEntryPointWithESMLoader (node:internal/modules/run_main:123:5)
2024-10-07 14:32:36 [error]: uncaughtException: require is not defined in ES module scope, you can use import instead
This file is being treated as an ES module because it has a '.js' file extension and 'C:\code\Retail_code\BackEnd - Node\2CQR_RETAIL_API - 02-04-2024\package.json' contains "type": "module". To treat it as a CommonJS script, rename it to use the '.cjs' file extension.
ReferenceError: require is not defined in ES module scope, you can use import instead
This file is being treated as an ES module because it has a '.js' file extension and 'C:\code\Retail_code\BackEnd - Node\2CQR_RETAIL_API - 02-04-2024\package.json' contains "type": "module". To treat it as a CommonJS script, rename it to use the '.cjs' file extension.
    at file:///C:/code/Retail_code/BackEnd%20-%20Node/2CQR_RETAIL_API%20-%2002-04-2024/controllers/Products/Product.js:5:14
    at ModuleJob.run (node:internal/modules/esm/module_job:234:25)
    at async ModuleLoader.import (node:internal/modules/esm/loader:473:24)
    at async asyncRunEntryPointWithESMLoader (node:internal/modules/run_main:123:5)
2024-10-07 14:33:21 [error]: uncaughtException: require is not defined in ES module scope, you can use import instead
This file is being treated as an ES module because it has a '.js' file extension and 'C:\code\Retail_code\BackEnd - Node\2CQR_RETAIL_API - 02-04-2024\package.json' contains "type": "module". To treat it as a CommonJS script, rename it to use the '.cjs' file extension.
ReferenceError: require is not defined in ES module scope, you can use import instead
This file is being treated as an ES module because it has a '.js' file extension and 'C:\code\Retail_code\BackEnd - Node\2CQR_RETAIL_API - 02-04-2024\package.json' contains "type": "module". To treat it as a CommonJS script, rename it to use the '.cjs' file extension.
    at file:///C:/code/Retail_code/BackEnd%20-%20Node/2CQR_RETAIL_API%20-%2002-04-2024/controllers/Products/Product.js:5:14
    at ModuleJob.run (node:internal/modules/esm/module_job:234:25)
    at async ModuleLoader.import (node:internal/modules/esm/loader:473:24)
    at async asyncRunEntryPointWithESMLoader (node:internal/modules/run_main:123:5)
2024-10-07 14:33:27 [error]: uncaughtException: require is not defined in ES module scope, you can use import instead
This file is being treated as an ES module because it has a '.js' file extension and 'C:\code\Retail_code\BackEnd - Node\2CQR_RETAIL_API - 02-04-2024\package.json' contains "type": "module". To treat it as a CommonJS script, rename it to use the '.cjs' file extension.
ReferenceError: require is not defined in ES module scope, you can use import instead
This file is being treated as an ES module because it has a '.js' file extension and 'C:\code\Retail_code\BackEnd - Node\2CQR_RETAIL_API - 02-04-2024\package.json' contains "type": "module". To treat it as a CommonJS script, rename it to use the '.cjs' file extension.
    at file:///C:/code/Retail_code/BackEnd%20-%20Node/2CQR_RETAIL_API%20-%2002-04-2024/routes/v1/ProductsRoutes.js:7:16
    at ModuleJob.run (node:internal/modules/esm/module_job:234:25)
    at async ModuleLoader.import (node:internal/modules/esm/loader:473:24)
    at async asyncRunEntryPointWithESMLoader (node:internal/modules/run_main:123:5)
2024-10-07 14:33:38 [error]: uncaughtException: require is not defined in ES module scope, you can use import instead
This file is being treated as an ES module because it has a '.js' file extension and 'C:\code\Retail_code\BackEnd - Node\2CQR_RETAIL_API - 02-04-2024\package.json' contains "type": "module". To treat it as a CommonJS script, rename it to use the '.cjs' file extension.
ReferenceError: require is not defined in ES module scope, you can use import instead
This file is being treated as an ES module because it has a '.js' file extension and 'C:\code\Retail_code\BackEnd - Node\2CQR_RETAIL_API - 02-04-2024\package.json' contains "type": "module". To treat it as a CommonJS script, rename it to use the '.cjs' file extension.
    at file:///C:/code/Retail_code/BackEnd%20-%20Node/2CQR_RETAIL_API%20-%2002-04-2024/routes/v1/ProductsRoutes.js:7:16
    at ModuleJob.run (node:internal/modules/esm/module_job:234:25)
    at async ModuleLoader.import (node:internal/modules/esm/loader:473:24)
    at async asyncRunEntryPointWithESMLoader (node:internal/modules/run_main:123:5)
2024-10-07 14:33:40 [error]: uncaughtException: require is not defined in ES module scope, you can use import instead
This file is being treated as an ES module because it has a '.js' file extension and 'C:\code\Retail_code\BackEnd - Node\2CQR_RETAIL_API - 02-04-2024\package.json' contains "type": "module". To treat it as a CommonJS script, rename it to use the '.cjs' file extension.
ReferenceError: require is not defined in ES module scope, you can use import instead
This file is being treated as an ES module because it has a '.js' file extension and 'C:\code\Retail_code\BackEnd - Node\2CQR_RETAIL_API - 02-04-2024\package.json' contains "type": "module". To treat it as a CommonJS script, rename it to use the '.cjs' file extension.
    at file:///C:/code/Retail_code/BackEnd%20-%20Node/2CQR_RETAIL_API%20-%2002-04-2024/routes/v1/ProductsRoutes.js:7:16
    at ModuleJob.run (node:internal/modules/esm/module_job:234:25)
    at async ModuleLoader.import (node:internal/modules/esm/loader:473:24)
    at async asyncRunEntryPointWithESMLoader (node:internal/modules/run_main:123:5)
2024-10-07 14:33:42 [error]: uncaughtException: require is not defined in ES module scope, you can use import instead
This file is being treated as an ES module because it has a '.js' file extension and 'C:\code\Retail_code\BackEnd - Node\2CQR_RETAIL_API - 02-04-2024\package.json' contains "type": "module". To treat it as a CommonJS script, rename it to use the '.cjs' file extension.
ReferenceError: require is not defined in ES module scope, you can use import instead
This file is being treated as an ES module because it has a '.js' file extension and 'C:\code\Retail_code\BackEnd - Node\2CQR_RETAIL_API - 02-04-2024\package.json' contains "type": "module". To treat it as a CommonJS script, rename it to use the '.cjs' file extension.
    at file:///C:/code/Retail_code/BackEnd%20-%20Node/2CQR_RETAIL_API%20-%2002-04-2024/controllers/Products/Product.js:5:14
    at ModuleJob.run (node:internal/modules/esm/module_job:234:25)
    at async ModuleLoader.import (node:internal/modules/esm/loader:473:24)
    at async asyncRunEntryPointWithESMLoader (node:internal/modules/run_main:123:5)
2024-10-07 15:11:24 [error]: uncaughtException: require is not defined in ES module scope, you can use import instead
This file is being treated as an ES module because it has a '.js' file extension and 'C:\code\Retail_code\BackEnd - Node\2CQR_RETAIL_API - 02-04-2024\package.json' contains "type": "module". To treat it as a CommonJS script, rename it to use the '.cjs' file extension.
ReferenceError: require is not defined in ES module scope, you can use import instead
This file is being treated as an ES module because it has a '.js' file extension and 'C:\code\Retail_code\BackEnd - Node\2CQR_RETAIL_API - 02-04-2024\package.json' contains "type": "module". To treat it as a CommonJS script, rename it to use the '.cjs' file extension.
    at file:///C:/code/Retail_code/BackEnd%20-%20Node/2CQR_RETAIL_API%20-%2002-04-2024/controllers/Products/Product.js:5:14
    at ModuleJob.run (node:internal/modules/esm/module_job:234:25)
    at async ModuleLoader.import (node:internal/modules/esm/loader:473:24)
    at async asyncRunEntryPointWithESMLoader (node:internal/modules/run_main:123:5)
2024-10-07 15:12:00 [error]: uncaughtException: require is not defined in ES module scope, you can use import instead
This file is being treated as an ES module because it has a '.js' file extension and 'C:\code\Retail_code\BackEnd - Node\2CQR_RETAIL_API - 02-04-2024\package.json' contains "type": "module". To treat it as a CommonJS script, rename it to use the '.cjs' file extension.
ReferenceError: require is not defined in ES module scope, you can use import instead
This file is being treated as an ES module because it has a '.js' file extension and 'C:\code\Retail_code\BackEnd - Node\2CQR_RETAIL_API - 02-04-2024\package.json' contains "type": "module". To treat it as a CommonJS script, rename it to use the '.cjs' file extension.
    at file:///C:/code/Retail_code/BackEnd%20-%20Node/2CQR_RETAIL_API%20-%2002-04-2024/controllers/Products/Product.js:5:14
    at ModuleJob.run (node:internal/modules/esm/module_job:234:25)
    at async ModuleLoader.import (node:internal/modules/esm/loader:473:24)
    at async asyncRunEntryPointWithESMLoader (node:internal/modules/run_main:123:5)
2024-10-07 15:12:05 [error]: uncaughtException: require is not defined in ES module scope, you can use import instead
This file is being treated as an ES module because it has a '.js' file extension and 'C:\code\Retail_code\BackEnd - Node\2CQR_RETAIL_API - 02-04-2024\package.json' contains "type": "module". To treat it as a CommonJS script, rename it to use the '.cjs' file extension.
ReferenceError: require is not defined in ES module scope, you can use import instead
This file is being treated as an ES module because it has a '.js' file extension and 'C:\code\Retail_code\BackEnd - Node\2CQR_RETAIL_API - 02-04-2024\package.json' contains "type": "module". To treat it as a CommonJS script, rename it to use the '.cjs' file extension.
    at file:///C:/code/Retail_code/BackEnd%20-%20Node/2CQR_RETAIL_API%20-%2002-04-2024/controllers/Products/Product.js:5:14
    at ModuleJob.run (node:internal/modules/esm/module_job:234:25)
    at async ModuleLoader.import (node:internal/modules/esm/loader:473:24)
    at async asyncRunEntryPointWithESMLoader (node:internal/modules/run_main:123:5)
2024-10-07 15:12:09 [error]: uncaughtException: require is not defined in ES module scope, you can use import instead
This file is being treated as an ES module because it has a '.js' file extension and 'C:\code\Retail_code\BackEnd - Node\2CQR_RETAIL_API - 02-04-2024\package.json' contains "type": "module". To treat it as a CommonJS script, rename it to use the '.cjs' file extension.
ReferenceError: require is not defined in ES module scope, you can use import instead
This file is being treated as an ES module because it has a '.js' file extension and 'C:\code\Retail_code\BackEnd - Node\2CQR_RETAIL_API - 02-04-2024\package.json' contains "type": "module". To treat it as a CommonJS script, rename it to use the '.cjs' file extension.
    at file:///C:/code/Retail_code/BackEnd%20-%20Node/2CQR_RETAIL_API%20-%2002-04-2024/controllers/Products/Product.js:5:14
    at ModuleJob.run (node:internal/modules/esm/module_job:234:25)
    at async ModuleLoader.import (node:internal/modules/esm/loader:473:24)
    at async asyncRunEntryPointWithESMLoader (node:internal/modules/run_main:123:5)
2024-10-07 15:14:10 [error]: uncaughtException: require is not defined in ES module scope, you can use import instead
This file is being treated as an ES module because it has a '.js' file extension and 'C:\code\Retail_code\BackEnd - Node\2CQR_RETAIL_API - 02-04-2024\package.json' contains "type": "module". To treat it as a CommonJS script, rename it to use the '.cjs' file extension.
ReferenceError: require is not defined in ES module scope, you can use import instead
This file is being treated as an ES module because it has a '.js' file extension and 'C:\code\Retail_code\BackEnd - Node\2CQR_RETAIL_API - 02-04-2024\package.json' contains "type": "module". To treat it as a CommonJS script, rename it to use the '.cjs' file extension.
    at file:///C:/code/Retail_code/BackEnd%20-%20Node/2CQR_RETAIL_API%20-%2002-04-2024/controllers/Products/Product.js:5:14
    at ModuleJob.run (node:internal/modules/esm/module_job:234:25)
    at async ModuleLoader.import (node:internal/modules/esm/loader:473:24)
    at async asyncRunEntryPointWithESMLoader (node:internal/modules/run_main:123:5)
2024-10-07 15:14:24 [error]: uncaughtException: require is not defined in ES module scope, you can use import instead
This file is being treated as an ES module because it has a '.js' file extension and 'C:\code\Retail_code\BackEnd - Node\2CQR_RETAIL_API - 02-04-2024\package.json' contains "type": "module". To treat it as a CommonJS script, rename it to use the '.cjs' file extension.
ReferenceError: require is not defined in ES module scope, you can use import instead
This file is being treated as an ES module because it has a '.js' file extension and 'C:\code\Retail_code\BackEnd - Node\2CQR_RETAIL_API - 02-04-2024\package.json' contains "type": "module". To treat it as a CommonJS script, rename it to use the '.cjs' file extension.
    at file:///C:/code/Retail_code/BackEnd%20-%20Node/2CQR_RETAIL_API%20-%2002-04-2024/controllers/Products/Product.js:5:14
    at ModuleJob.run (node:internal/modules/esm/module_job:234:25)
    at async ModuleLoader.import (node:internal/modules/esm/loader:473:24)
    at async asyncRunEntryPointWithESMLoader (node:internal/modules/run_main:123:5)
2024-10-07 15:14:29 [error]: uncaughtException: require is not defined in ES module scope, you can use import instead
This file is being treated as an ES module because it has a '.js' file extension and 'C:\code\Retail_code\BackEnd - Node\2CQR_RETAIL_API - 02-04-2024\package.json' contains "type": "module". To treat it as a CommonJS script, rename it to use the '.cjs' file extension.
ReferenceError: require is not defined in ES module scope, you can use import instead
This file is being treated as an ES module because it has a '.js' file extension and 'C:\code\Retail_code\BackEnd - Node\2CQR_RETAIL_API - 02-04-2024\package.json' contains "type": "module". To treat it as a CommonJS script, rename it to use the '.cjs' file extension.
    at file:///C:/code/Retail_code/BackEnd%20-%20Node/2CQR_RETAIL_API%20-%2002-04-2024/controllers/Products/Product.js:5:14
    at ModuleJob.run (node:internal/modules/esm/module_job:234:25)
    at async ModuleLoader.import (node:internal/modules/esm/loader:473:24)
    at async asyncRunEntryPointWithESMLoader (node:internal/modules/run_main:123:5)
2024-10-07 15:14:32 [error]: uncaughtException: require is not defined in ES module scope, you can use import instead
This file is being treated as an ES module because it has a '.js' file extension and 'C:\code\Retail_code\BackEnd - Node\2CQR_RETAIL_API - 02-04-2024\package.json' contains "type": "module". To treat it as a CommonJS script, rename it to use the '.cjs' file extension.
ReferenceError: require is not defined in ES module scope, you can use import instead
This file is being treated as an ES module because it has a '.js' file extension and 'C:\code\Retail_code\BackEnd - Node\2CQR_RETAIL_API - 02-04-2024\package.json' contains "type": "module". To treat it as a CommonJS script, rename it to use the '.cjs' file extension.
    at file:///C:/code/Retail_code/BackEnd%20-%20Node/2CQR_RETAIL_API%20-%2002-04-2024/controllers/Products/Product.js:5:14
    at ModuleJob.run (node:internal/modules/esm/module_job:234:25)
    at async ModuleLoader.import (node:internal/modules/esm/loader:473:24)
    at async asyncRunEntryPointWithESMLoader (node:internal/modules/run_main:123:5)
2024-10-07 15:14:56 [error]: uncaughtException: require is not defined in ES module scope, you can use import instead
This file is being treated as an ES module because it has a '.js' file extension and 'C:\code\Retail_code\BackEnd - Node\2CQR_RETAIL_API - 02-04-2024\package.json' contains "type": "module". To treat it as a CommonJS script, rename it to use the '.cjs' file extension.
ReferenceError: require is not defined in ES module scope, you can use import instead
This file is being treated as an ES module because it has a '.js' file extension and 'C:\code\Retail_code\BackEnd - Node\2CQR_RETAIL_API - 02-04-2024\package.json' contains "type": "module". To treat it as a CommonJS script, rename it to use the '.cjs' file extension.
    at file:///C:/code/Retail_code/BackEnd%20-%20Node/2CQR_RETAIL_API%20-%2002-04-2024/controllers/Products/Product.js:5:14
    at ModuleJob.run (node:internal/modules/esm/module_job:234:25)
    at async ModuleLoader.import (node:internal/modules/esm/loader:473:24)
    at async asyncRunEntryPointWithESMLoader (node:internal/modules/run_main:123:5)
2024-10-07 15:15:03 [error]: uncaughtException: require is not defined in ES module scope, you can use import instead
This file is being treated as an ES module because it has a '.js' file extension and 'C:\code\Retail_code\BackEnd - Node\2CQR_RETAIL_API - 02-04-2024\package.json' contains "type": "module". To treat it as a CommonJS script, rename it to use the '.cjs' file extension.
ReferenceError: require is not defined in ES module scope, you can use import instead
This file is being treated as an ES module because it has a '.js' file extension and 'C:\code\Retail_code\BackEnd - Node\2CQR_RETAIL_API - 02-04-2024\package.json' contains "type": "module". To treat it as a CommonJS script, rename it to use the '.cjs' file extension.
    at file:///C:/code/Retail_code/BackEnd%20-%20Node/2CQR_RETAIL_API%20-%2002-04-2024/controllers/Products/Product.js:5:14
    at ModuleJob.run (node:internal/modules/esm/module_job:234:25)
    at async ModuleLoader.import (node:internal/modules/esm/loader:473:24)
    at async asyncRunEntryPointWithESMLoader (node:internal/modules/run_main:123:5)
2024-10-07 15:16:27 [error]: uncaughtException: require is not defined in ES module scope, you can use import instead
This file is being treated as an ES module because it has a '.js' file extension and 'C:\code\Retail_code\BackEnd - Node\2CQR_RETAIL_API - 02-04-2024\package.json' contains "type": "module". To treat it as a CommonJS script, rename it to use the '.cjs' file extension.
ReferenceError: require is not defined in ES module scope, you can use import instead
This file is being treated as an ES module because it has a '.js' file extension and 'C:\code\Retail_code\BackEnd - Node\2CQR_RETAIL_API - 02-04-2024\package.json' contains "type": "module". To treat it as a CommonJS script, rename it to use the '.cjs' file extension.
    at file:///C:/code/Retail_code/BackEnd%20-%20Node/2CQR_RETAIL_API%20-%2002-04-2024/controllers/Products/Product.js:5:14
    at ModuleJob.run (node:internal/modules/esm/module_job:234:25)
    at async ModuleLoader.import (node:internal/modules/esm/loader:473:24)
    at async asyncRunEntryPointWithESMLoader (node:internal/modules/run_main:123:5)
2024-10-07 15:16:38 [error]: uncaughtException: require is not defined in ES module scope, you can use import instead
This file is being treated as an ES module because it has a '.js' file extension and 'C:\code\Retail_code\BackEnd - Node\2CQR_RETAIL_API - 02-04-2024\package.json' contains "type": "module". To treat it as a CommonJS script, rename it to use the '.cjs' file extension.
ReferenceError: require is not defined in ES module scope, you can use import instead
This file is being treated as an ES module because it has a '.js' file extension and 'C:\code\Retail_code\BackEnd - Node\2CQR_RETAIL_API - 02-04-2024\package.json' contains "type": "module". To treat it as a CommonJS script, rename it to use the '.cjs' file extension.
    at file:///C:/code/Retail_code/BackEnd%20-%20Node/2CQR_RETAIL_API%20-%2002-04-2024/controllers/Products/Product.js:5:14
    at ModuleJob.run (node:internal/modules/esm/module_job:234:25)
    at async ModuleLoader.import (node:internal/modules/esm/loader:473:24)
    at async asyncRunEntryPointWithESMLoader (node:internal/modules/run_main:123:5)
2024-10-07 15:16:54 [error]: uncaughtException: require is not defined in ES module scope, you can use import instead
This file is being treated as an ES module because it has a '.js' file extension and 'C:\code\Retail_code\BackEnd - Node\2CQR_RETAIL_API - 02-04-2024\package.json' contains "type": "module". To treat it as a CommonJS script, rename it to use the '.cjs' file extension.
ReferenceError: require is not defined in ES module scope, you can use import instead
This file is being treated as an ES module because it has a '.js' file extension and 'C:\code\Retail_code\BackEnd - Node\2CQR_RETAIL_API - 02-04-2024\package.json' contains "type": "module". To treat it as a CommonJS script, rename it to use the '.cjs' file extension.
    at file:///C:/code/Retail_code/BackEnd%20-%20Node/2CQR_RETAIL_API%20-%2002-04-2024/routes/v1/ProductsRoutes.js:14:16
    at ModuleJob.run (node:internal/modules/esm/module_job:234:25)
    at async ModuleLoader.import (node:internal/modules/esm/loader:473:24)
    at async asyncRunEntryPointWithESMLoader (node:internal/modules/run_main:123:5)
2024-10-07 15:17:03 [error]: uncaughtException: require is not defined in ES module scope, you can use import instead
This file is being treated as an ES module because it has a '.js' file extension and 'C:\code\Retail_code\BackEnd - Node\2CQR_RETAIL_API - 02-04-2024\package.json' contains "type": "module". To treat it as a CommonJS script, rename it to use the '.cjs' file extension.
ReferenceError: require is not defined in ES module scope, you can use import instead
This file is being treated as an ES module because it has a '.js' file extension and 'C:\code\Retail_code\BackEnd - Node\2CQR_RETAIL_API - 02-04-2024\package.json' contains "type": "module". To treat it as a CommonJS script, rename it to use the '.cjs' file extension.
    at file:///C:/code/Retail_code/BackEnd%20-%20Node/2CQR_RETAIL_API%20-%2002-04-2024/controllers/Products/Product.js:17:14
    at ModuleJob.run (node:internal/modules/esm/module_job:234:25)
    at async ModuleLoader.import (node:internal/modules/esm/loader:473:24)
    at async asyncRunEntryPointWithESMLoader (node:internal/modules/run_main:123:5)
2024-10-07 15:17:31 [error]: uncaughtException: require is not defined in ES module scope, you can use import instead
This file is being treated as an ES module because it has a '.js' file extension and 'C:\code\Retail_code\BackEnd - Node\2CQR_RETAIL_API - 02-04-2024\package.json' contains "type": "module". To treat it as a CommonJS script, rename it to use the '.cjs' file extension.
ReferenceError: require is not defined in ES module scope, you can use import instead
This file is being treated as an ES module because it has a '.js' file extension and 'C:\code\Retail_code\BackEnd - Node\2CQR_RETAIL_API - 02-04-2024\package.json' contains "type": "module". To treat it as a CommonJS script, rename it to use the '.cjs' file extension.
    at file:///C:/code/Retail_code/BackEnd%20-%20Node/2CQR_RETAIL_API%20-%2002-04-2024/controllers/Products/Product.js:17:14
    at ModuleJob.run (node:internal/modules/esm/module_job:234:25)
    at async ModuleLoader.import (node:internal/modules/esm/loader:473:24)
    at async asyncRunEntryPointWithESMLoader (node:internal/modules/run_main:123:5)
2024-10-07 15:17:33 [error]: uncaughtException: require is not defined in ES module scope, you can use import instead
This file is being treated as an ES module because it has a '.js' file extension and 'C:\code\Retail_code\BackEnd - Node\2CQR_RETAIL_API - 02-04-2024\package.json' contains "type": "module". To treat it as a CommonJS script, rename it to use the '.cjs' file extension.
ReferenceError: require is not defined in ES module scope, you can use import instead
This file is being treated as an ES module because it has a '.js' file extension and 'C:\code\Retail_code\BackEnd - Node\2CQR_RETAIL_API - 02-04-2024\package.json' contains "type": "module". To treat it as a CommonJS script, rename it to use the '.cjs' file extension.
    at file:///C:/code/Retail_code/BackEnd%20-%20Node/2CQR_RETAIL_API%20-%2002-04-2024/controllers/Products/Product.js:17:14
    at ModuleJob.run (node:internal/modules/esm/module_job:234:25)
    at async ModuleLoader.import (node:internal/modules/esm/loader:473:24)
    at async asyncRunEntryPointWithESMLoader (node:internal/modules/run_main:123:5)
2024-10-07 15:19:53 [error]: uncaughtException: require is not defined in ES module scope, you can use import instead
This file is being treated as an ES module because it has a '.js' file extension and 'C:\code\Retail_code\BackEnd - Node\2CQR_RETAIL_API - 02-04-2024\package.json' contains "type": "module". To treat it as a CommonJS script, rename it to use the '.cjs' file extension.
ReferenceError: require is not defined in ES module scope, you can use import instead
This file is being treated as an ES module because it has a '.js' file extension and 'C:\code\Retail_code\BackEnd - Node\2CQR_RETAIL_API - 02-04-2024\package.json' contains "type": "module". To treat it as a CommonJS script, rename it to use the '.cjs' file extension.
    at file:///C:/code/Retail_code/BackEnd%20-%20Node/2CQR_RETAIL_API%20-%2002-04-2024/controllers/Products/Product.js:17:14
    at ModuleJob.run (node:internal/modules/esm/module_job:234:25)
    at async ModuleLoader.import (node:internal/modules/esm/loader:473:24)
    at async asyncRunEntryPointWithESMLoader (node:internal/modules/run_main:123:5)
2024-10-07 15:20:15 [error]: uncaughtException: require is not defined in ES module scope, you can use import instead
This file is being treated as an ES module because it has a '.js' file extension and 'C:\code\Retail_code\BackEnd - Node\2CQR_RETAIL_API - 02-04-2024\package.json' contains "type": "module". To treat it as a CommonJS script, rename it to use the '.cjs' file extension.
ReferenceError: require is not defined in ES module scope, you can use import instead
This file is being treated as an ES module because it has a '.js' file extension and 'C:\code\Retail_code\BackEnd - Node\2CQR_RETAIL_API - 02-04-2024\package.json' contains "type": "module". To treat it as a CommonJS script, rename it to use the '.cjs' file extension.
    at file:///C:/code/Retail_code/BackEnd%20-%20Node/2CQR_RETAIL_API%20-%2002-04-2024/controllers/Products/Product.js:17:14
    at ModuleJob.run (node:internal/modules/esm/module_job:234:25)
    at async ModuleLoader.import (node:internal/modules/esm/loader:473:24)
    at async asyncRunEntryPointWithESMLoader (node:internal/modules/run_main:123:5)
2024-10-07 15:23:04 [error]: uncaughtException: corsOptions is not defined
ReferenceError: corsOptions is not defined
    at file:///C:/code/Retail_code/BackEnd%20-%20Node/2CQR_RETAIL_API%20-%2002-04-2024/index.js:25:14
    at ModuleJob.run (node:internal/modules/esm/module_job:234:25)
    at async ModuleLoader.import (node:internal/modules/esm/loader:473:24)
    at async asyncRunEntryPointWithESMLoader (node:internal/modules/run_main:123:5)
2024-10-07 15:23:25 [error]: uncaughtException: require is not defined in ES module scope, you can use import instead
This file is being treated as an ES module because it has a '.js' file extension and 'C:\code\Retail_code\BackEnd - Node\2CQR_RETAIL_API - 02-04-2024\package.json' contains "type": "module". To treat it as a CommonJS script, rename it to use the '.cjs' file extension.
ReferenceError: require is not defined in ES module scope, you can use import instead
This file is being treated as an ES module because it has a '.js' file extension and 'C:\code\Retail_code\BackEnd - Node\2CQR_RETAIL_API - 02-04-2024\package.json' contains "type": "module". To treat it as a CommonJS script, rename it to use the '.cjs' file extension.
    at file:///C:/code/Retail_code/BackEnd%20-%20Node/2CQR_RETAIL_API%20-%2002-04-2024/controllers/Products/Product.js:17:14
    at ModuleJob.run (node:internal/modules/esm/module_job:234:25)
    at async ModuleLoader.import (node:internal/modules/esm/loader:473:24)
    at async asyncRunEntryPointWithESMLoader (node:internal/modules/run_main:123:5)
2024-10-07 15:25:40 [error]: uncaughtException: require is not defined in ES module scope, you can use import instead
This file is being treated as an ES module because it has a '.js' file extension and 'C:\code\Retail_code\BackEnd - Node\2CQR_RETAIL_API - 02-04-2024\package.json' contains "type": "module". To treat it as a CommonJS script, rename it to use the '.cjs' file extension.
ReferenceError: require is not defined in ES module scope, you can use import instead
This file is being treated as an ES module because it has a '.js' file extension and 'C:\code\Retail_code\BackEnd - Node\2CQR_RETAIL_API - 02-04-2024\package.json' contains "type": "module". To treat it as a CommonJS script, rename it to use the '.cjs' file extension.
    at file:///C:/code/Retail_code/BackEnd%20-%20Node/2CQR_RETAIL_API%20-%2002-04-2024/controllers/Products/Product.js:17:14
    at ModuleJob.run (node:internal/modules/esm/module_job:234:25)
    at async ModuleLoader.import (node:internal/modules/esm/loader:473:24)
    at async asyncRunEntryPointWithESMLoader (node:internal/modules/run_main:123:5)
2024-10-07 15:25:45 [error]: uncaughtException: require is not defined in ES module scope, you can use import instead
This file is being treated as an ES module because it has a '.js' file extension and 'C:\code\Retail_code\BackEnd - Node\2CQR_RETAIL_API - 02-04-2024\package.json' contains "type": "module". To treat it as a CommonJS script, rename it to use the '.cjs' file extension.
ReferenceError: require is not defined in ES module scope, you can use import instead
This file is being treated as an ES module because it has a '.js' file extension and 'C:\code\Retail_code\BackEnd - Node\2CQR_RETAIL_API - 02-04-2024\package.json' contains "type": "module". To treat it as a CommonJS script, rename it to use the '.cjs' file extension.
    at file:///C:/code/Retail_code/BackEnd%20-%20Node/2CQR_RETAIL_API%20-%2002-04-2024/controllers/Products/Product.js:17:14
    at ModuleJob.run (node:internal/modules/esm/module_job:234:25)
    at async ModuleLoader.import (node:internal/modules/esm/loader:473:24)
    at async asyncRunEntryPointWithESMLoader (node:internal/modules/run_main:123:5)
2024-10-07 15:26:42 [error]: uncaughtException: require is not defined in ES module scope, you can use import instead
This file is being treated as an ES module because it has a '.js' file extension and 'C:\code\Retail_code\BackEnd - Node\2CQR_RETAIL_API - 02-04-2024\package.json' contains "type": "module". To treat it as a CommonJS script, rename it to use the '.cjs' file extension.
ReferenceError: require is not defined in ES module scope, you can use import instead
This file is being treated as an ES module because it has a '.js' file extension and 'C:\code\Retail_code\BackEnd - Node\2CQR_RETAIL_API - 02-04-2024\package.json' contains "type": "module". To treat it as a CommonJS script, rename it to use the '.cjs' file extension.
    at file:///C:/code/Retail_code/BackEnd%20-%20Node/2CQR_RETAIL_API%20-%2002-04-2024/controllers/Products/Product.js:17:14
    at ModuleJob.run (node:internal/modules/esm/module_job:234:25)
    at async ModuleLoader.import (node:internal/modules/esm/loader:473:24)
    at async asyncRunEntryPointWithESMLoader (node:internal/modules/run_main:123:5)
2024-10-07 15:27:42 [error]: uncaughtException: require is not defined in ES module scope, you can use import instead
This file is being treated as an ES module because it has a '.js' file extension and 'C:\code\Retail_code\BackEnd - Node\2CQR_RETAIL_API - 02-04-2024\package.json' contains "type": "module". To treat it as a CommonJS script, rename it to use the '.cjs' file extension.
ReferenceError: require is not defined in ES module scope, you can use import instead
This file is being treated as an ES module because it has a '.js' file extension and 'C:\code\Retail_code\BackEnd - Node\2CQR_RETAIL_API - 02-04-2024\package.json' contains "type": "module". To treat it as a CommonJS script, rename it to use the '.cjs' file extension.
    at file:///C:/code/Retail_code/BackEnd%20-%20Node/2CQR_RETAIL_API%20-%2002-04-2024/controllers/Products/Product.js:17:14
    at ModuleJob.run (node:internal/modules/esm/module_job:234:25)
    at async ModuleLoader.import (node:internal/modules/esm/loader:473:24)
    at async asyncRunEntryPointWithESMLoader (node:internal/modules/run_main:123:5)
2024-10-07 15:27:49 [error]: uncaughtException: require is not defined in ES module scope, you can use import instead
This file is being treated as an ES module because it has a '.js' file extension and 'C:\code\Retail_code\BackEnd - Node\2CQR_RETAIL_API - 02-04-2024\package.json' contains "type": "module". To treat it as a CommonJS script, rename it to use the '.cjs' file extension.
ReferenceError: require is not defined in ES module scope, you can use import instead
This file is being treated as an ES module because it has a '.js' file extension and 'C:\code\Retail_code\BackEnd - Node\2CQR_RETAIL_API - 02-04-2024\package.json' contains "type": "module". To treat it as a CommonJS script, rename it to use the '.cjs' file extension.
    at file:///C:/code/Retail_code/BackEnd%20-%20Node/2CQR_RETAIL_API%20-%2002-04-2024/controllers/Products/Product.js:17:14
    at ModuleJob.run (node:internal/modules/esm/module_job:234:25)
    at async ModuleLoader.import (node:internal/modules/esm/loader:473:24)
    at async asyncRunEntryPointWithESMLoader (node:internal/modules/run_main:123:5)
2024-10-07 15:27:53 [error]: uncaughtException: require is not defined in ES module scope, you can use import instead
This file is being treated as an ES module because it has a '.js' file extension and 'C:\code\Retail_code\BackEnd - Node\2CQR_RETAIL_API - 02-04-2024\package.json' contains "type": "module". To treat it as a CommonJS script, rename it to use the '.cjs' file extension.
ReferenceError: require is not defined in ES module scope, you can use import instead
This file is being treated as an ES module because it has a '.js' file extension and 'C:\code\Retail_code\BackEnd - Node\2CQR_RETAIL_API - 02-04-2024\package.json' contains "type": "module". To treat it as a CommonJS script, rename it to use the '.cjs' file extension.
    at file:///C:/code/Retail_code/BackEnd%20-%20Node/2CQR_RETAIL_API%20-%2002-04-2024/routes/v1/ProductsRoutes.js:14:16
    at ModuleJob.run (node:internal/modules/esm/module_job:234:25)
    at async ModuleLoader.import (node:internal/modules/esm/loader:473:24)
    at async asyncRunEntryPointWithESMLoader (node:internal/modules/run_main:123:5)
2024-10-07 15:28:04 [error]: uncaughtException: require is not defined in ES module scope, you can use import instead
This file is being treated as an ES module because it has a '.js' file extension and 'C:\code\Retail_code\BackEnd - Node\2CQR_RETAIL_API - 02-04-2024\package.json' contains "type": "module". To treat it as a CommonJS script, rename it to use the '.cjs' file extension.
ReferenceError: require is not defined in ES module scope, you can use import instead
This file is being treated as an ES module because it has a '.js' file extension and 'C:\code\Retail_code\BackEnd - Node\2CQR_RETAIL_API - 02-04-2024\package.json' contains "type": "module". To treat it as a CommonJS script, rename it to use the '.cjs' file extension.
    at file:///C:/code/Retail_code/BackEnd%20-%20Node/2CQR_RETAIL_API%20-%2002-04-2024/routes/v1/ProductsRoutes.js:14:16
    at ModuleJob.run (node:internal/modules/esm/module_job:234:25)
    at async ModuleLoader.import (node:internal/modules/esm/loader:473:24)
    at async asyncRunEntryPointWithESMLoader (node:internal/modules/run_main:123:5)
2024-10-07 15:29:01 [error]: uncaughtException: require is not defined in ES module scope, you can use import instead
This file is being treated as an ES module because it has a '.js' file extension and 'C:\code\Retail_code\BackEnd - Node\2CQR_RETAIL_API - 02-04-2024\package.json' contains "type": "module". To treat it as a CommonJS script, rename it to use the '.cjs' file extension.
ReferenceError: require is not defined in ES module scope, you can use import instead
This file is being treated as an ES module because it has a '.js' file extension and 'C:\code\Retail_code\BackEnd - Node\2CQR_RETAIL_API - 02-04-2024\package.json' contains "type": "module". To treat it as a CommonJS script, rename it to use the '.cjs' file extension.
    at file:///C:/code/Retail_code/BackEnd%20-%20Node/2CQR_RETAIL_API%20-%2002-04-2024/routes/v1/ProductsRoutes.js:14:16
    at ModuleJob.run (node:internal/modules/esm/module_job:234:25)
    at async ModuleLoader.import (node:internal/modules/esm/loader:473:24)
    at async asyncRunEntryPointWithESMLoader (node:internal/modules/run_main:123:5)
2024-10-07 15:29:07 [error]: uncaughtException: require is not defined in ES module scope, you can use import instead
This file is being treated as an ES module because it has a '.js' file extension and 'C:\code\Retail_code\BackEnd - Node\2CQR_RETAIL_API - 02-04-2024\package.json' contains "type": "module". To treat it as a CommonJS script, rename it to use the '.cjs' file extension.
ReferenceError: require is not defined in ES module scope, you can use import instead
This file is being treated as an ES module because it has a '.js' file extension and 'C:\code\Retail_code\BackEnd - Node\2CQR_RETAIL_API - 02-04-2024\package.json' contains "type": "module". To treat it as a CommonJS script, rename it to use the '.cjs' file extension.
    at file:///C:/code/Retail_code/BackEnd%20-%20Node/2CQR_RETAIL_API%20-%2002-04-2024/routes/v1/ProductsRoutes.js:14:16
    at ModuleJob.run (node:internal/modules/esm/module_job:234:25)
    at async ModuleLoader.import (node:internal/modules/esm/loader:473:24)
    at async asyncRunEntryPointWithESMLoader (node:internal/modules/run_main:123:5)
2024-10-07 15:29:13 [error]: uncaughtException: require is not defined in ES module scope, you can use import instead
This file is being treated as an ES module because it has a '.js' file extension and 'C:\code\Retail_code\BackEnd - Node\2CQR_RETAIL_API - 02-04-2024\package.json' contains "type": "module". To treat it as a CommonJS script, rename it to use the '.cjs' file extension.
ReferenceError: require is not defined in ES module scope, you can use import instead
This file is being treated as an ES module because it has a '.js' file extension and 'C:\code\Retail_code\BackEnd - Node\2CQR_RETAIL_API - 02-04-2024\package.json' contains "type": "module". To treat it as a CommonJS script, rename it to use the '.cjs' file extension.
    at file:///C:/code/Retail_code/BackEnd%20-%20Node/2CQR_RETAIL_API%20-%2002-04-2024/routes/v1/ProductsRoutes.js:14:16
    at ModuleJob.run (node:internal/modules/esm/module_job:234:25)
    at async ModuleLoader.import (node:internal/modules/esm/loader:473:24)
    at async asyncRunEntryPointWithESMLoader (node:internal/modules/run_main:123:5)
2024-10-07 15:29:48 [error]: uncaughtException: require is not defined in ES module scope, you can use import instead
This file is being treated as an ES module because it has a '.js' file extension and 'C:\code\Retail_code\BackEnd - Node\2CQR_RETAIL_API - 02-04-2024\package.json' contains "type": "module". To treat it as a CommonJS script, rename it to use the '.cjs' file extension.
ReferenceError: require is not defined in ES module scope, you can use import instead
This file is being treated as an ES module because it has a '.js' file extension and 'C:\code\Retail_code\BackEnd - Node\2CQR_RETAIL_API - 02-04-2024\package.json' contains "type": "module". To treat it as a CommonJS script, rename it to use the '.cjs' file extension.
    at file:///C:/code/Retail_code/BackEnd%20-%20Node/2CQR_RETAIL_API%20-%2002-04-2024/controllers/Products/Product.js:17:14
    at ModuleJob.run (node:internal/modules/esm/module_job:234:25)
    at async ModuleLoader.import (node:internal/modules/esm/loader:473:24)
    at async asyncRunEntryPointWithESMLoader (node:internal/modules/run_main:123:5)
2024-10-07 15:30:21 [error]: uncaughtException: require is not defined in ES module scope, you can use import instead
This file is being treated as an ES module because it has a '.js' file extension and 'C:\code\Retail_code\BackEnd - Node\2CQR_RETAIL_API - 02-04-2024\package.json' contains "type": "module". To treat it as a CommonJS script, rename it to use the '.cjs' file extension.
ReferenceError: require is not defined in ES module scope, you can use import instead
This file is being treated as an ES module because it has a '.js' file extension and 'C:\code\Retail_code\BackEnd - Node\2CQR_RETAIL_API - 02-04-2024\package.json' contains "type": "module". To treat it as a CommonJS script, rename it to use the '.cjs' file extension.
    at file:///C:/code/Retail_code/BackEnd%20-%20Node/2CQR_RETAIL_API%20-%2002-04-2024/controllers/Products/Product.js:17:14
    at ModuleJob.run (node:internal/modules/esm/module_job:234:25)
    at async ModuleLoader.import (node:internal/modules/esm/loader:473:24)
    at async asyncRunEntryPointWithESMLoader (node:internal/modules/run_main:123:5)
2024-10-07 15:30:32 [error]: uncaughtException: require is not defined in ES module scope, you can use import instead
This file is being treated as an ES module because it has a '.js' file extension and 'C:\code\Retail_code\BackEnd - Node\2CQR_RETAIL_API - 02-04-2024\package.json' contains "type": "module". To treat it as a CommonJS script, rename it to use the '.cjs' file extension.
ReferenceError: require is not defined in ES module scope, you can use import instead
This file is being treated as an ES module because it has a '.js' file extension and 'C:\code\Retail_code\BackEnd - Node\2CQR_RETAIL_API - 02-04-2024\package.json' contains "type": "module". To treat it as a CommonJS script, rename it to use the '.cjs' file extension.
    at file:///C:/code/Retail_code/BackEnd%20-%20Node/2CQR_RETAIL_API%20-%2002-04-2024/controllers/Products/Product.js:17:14
    at ModuleJob.run (node:internal/modules/esm/module_job:234:25)
    at async ModuleLoader.import (node:internal/modules/esm/loader:473:24)
    at async asyncRunEntryPointWithESMLoader (node:internal/modules/run_main:123:5)
2024-10-07 15:31:44 [error]: uncaughtException: require is not defined in ES module scope, you can use import instead
This file is being treated as an ES module because it has a '.js' file extension and 'C:\code\Retail_code\BackEnd - Node\2CQR_RETAIL_API - 02-04-2024\package.json' contains "type": "module". To treat it as a CommonJS script, rename it to use the '.cjs' file extension.
ReferenceError: require is not defined in ES module scope, you can use import instead
This file is being treated as an ES module because it has a '.js' file extension and 'C:\code\Retail_code\BackEnd - Node\2CQR_RETAIL_API - 02-04-2024\package.json' contains "type": "module". To treat it as a CommonJS script, rename it to use the '.cjs' file extension.
    at file:///C:/code/Retail_code/BackEnd%20-%20Node/2CQR_RETAIL_API%20-%2002-04-2024/controllers/Products/Product.js:17:14
    at ModuleJob.run (node:internal/modules/esm/module_job:234:25)
    at async ModuleLoader.import (node:internal/modules/esm/loader:473:24)
    at async asyncRunEntryPointWithESMLoader (node:internal/modules/run_main:123:5)
2024-10-07 15:32:21 [error]: uncaughtException: require is not defined in ES module scope, you can use import instead
This file is being treated as an ES module because it has a '.js' file extension and 'C:\code\Retail_code\BackEnd - Node\2CQR_RETAIL_API - 02-04-2024\package.json' contains "type": "module". To treat it as a CommonJS script, rename it to use the '.cjs' file extension.
ReferenceError: require is not defined in ES module scope, you can use import instead
This file is being treated as an ES module because it has a '.js' file extension and 'C:\code\Retail_code\BackEnd - Node\2CQR_RETAIL_API - 02-04-2024\package.json' contains "type": "module". To treat it as a CommonJS script, rename it to use the '.cjs' file extension.
    at file:///C:/code/Retail_code/BackEnd%20-%20Node/2CQR_RETAIL_API%20-%2002-04-2024/controllers/Products/Product.js:17:14
    at ModuleJob.run (node:internal/modules/esm/module_job:234:25)
    at async ModuleLoader.import (node:internal/modules/esm/loader:473:24)
    at async asyncRunEntryPointWithESMLoader (node:internal/modules/run_main:123:5)
2024-10-07 15:33:44 [error]: uncaughtException: require is not defined in ES module scope, you can use import instead
This file is being treated as an ES module because it has a '.js' file extension and 'C:\code\Retail_code\BackEnd - Node\2CQR_RETAIL_API - 02-04-2024\package.json' contains "type": "module". To treat it as a CommonJS script, rename it to use the '.cjs' file extension.
ReferenceError: require is not defined in ES module scope, you can use import instead
This file is being treated as an ES module because it has a '.js' file extension and 'C:\code\Retail_code\BackEnd - Node\2CQR_RETAIL_API - 02-04-2024\package.json' contains "type": "module". To treat it as a CommonJS script, rename it to use the '.cjs' file extension.
    at file:///C:/code/Retail_code/BackEnd%20-%20Node/2CQR_RETAIL_API%20-%2002-04-2024/controllers/Products/Product.js:17:14
    at ModuleJob.run (node:internal/modules/esm/module_job:234:25)
    at async ModuleLoader.import (node:internal/modules/esm/loader:473:24)
    at async asyncRunEntryPointWithESMLoader (node:internal/modules/run_main:123:5)
2024-10-07 15:34:04 [error]: uncaughtException: require is not defined in ES module scope, you can use import instead
This file is being treated as an ES module because it has a '.js' file extension and 'C:\code\Retail_code\BackEnd - Node\2CQR_RETAIL_API - 02-04-2024\package.json' contains "type": "module". To treat it as a CommonJS script, rename it to use the '.cjs' file extension.
ReferenceError: require is not defined in ES module scope, you can use import instead
This file is being treated as an ES module because it has a '.js' file extension and 'C:\code\Retail_code\BackEnd - Node\2CQR_RETAIL_API - 02-04-2024\package.json' contains "type": "module". To treat it as a CommonJS script, rename it to use the '.cjs' file extension.
    at file:///C:/code/Retail_code/BackEnd%20-%20Node/2CQR_RETAIL_API%20-%2002-04-2024/controllers/Products/Product.js:17:14
    at ModuleJob.run (node:internal/modules/esm/module_job:234:25)
    at async ModuleLoader.import (node:internal/modules/esm/loader:473:24)
    at async asyncRunEntryPointWithESMLoader (node:internal/modules/run_main:123:5)
2024-10-07 15:34:20 [error]: uncaughtException: require is not defined in ES module scope, you can use import instead
This file is being treated as an ES module because it has a '.js' file extension and 'C:\code\Retail_code\BackEnd - Node\2CQR_RETAIL_API - 02-04-2024\package.json' contains "type": "module". To treat it as a CommonJS script, rename it to use the '.cjs' file extension.
ReferenceError: require is not defined in ES module scope, you can use import instead
This file is being treated as an ES module because it has a '.js' file extension and 'C:\code\Retail_code\BackEnd - Node\2CQR_RETAIL_API - 02-04-2024\package.json' contains "type": "module". To treat it as a CommonJS script, rename it to use the '.cjs' file extension.
    at file:///C:/code/Retail_code/BackEnd%20-%20Node/2CQR_RETAIL_API%20-%2002-04-2024/controllers/Products/Product.js:17:14
    at ModuleJob.run (node:internal/modules/esm/module_job:234:25)
    at async ModuleLoader.import (node:internal/modules/esm/loader:473:24)
    at async asyncRunEntryPointWithESMLoader (node:internal/modules/run_main:123:5)
2024-10-07 15:34:41 [error]: uncaughtException: require is not defined in ES module scope, you can use import instead
This file is being treated as an ES module because it has a '.js' file extension and 'C:\code\Retail_code\BackEnd - Node\2CQR_RETAIL_API - 02-04-2024\package.json' contains "type": "module". To treat it as a CommonJS script, rename it to use the '.cjs' file extension.
ReferenceError: require is not defined in ES module scope, you can use import instead
This file is being treated as an ES module because it has a '.js' file extension and 'C:\code\Retail_code\BackEnd - Node\2CQR_RETAIL_API - 02-04-2024\package.json' contains "type": "module". To treat it as a CommonJS script, rename it to use the '.cjs' file extension.
    at file:///C:/code/Retail_code/BackEnd%20-%20Node/2CQR_RETAIL_API%20-%2002-04-2024/controllers/Products/Product.js:17:14
    at ModuleJob.run (node:internal/modules/esm/module_job:234:25)
    at async ModuleLoader.import (node:internal/modules/esm/loader:473:24)
    at async asyncRunEntryPointWithESMLoader (node:internal/modules/run_main:123:5)
2024-10-07 15:34:47 [error]: uncaughtException: require is not defined in ES module scope, you can use import instead
This file is being treated as an ES module because it has a '.js' file extension and 'C:\code\Retail_code\BackEnd - Node\2CQR_RETAIL_API - 02-04-2024\package.json' contains "type": "module". To treat it as a CommonJS script, rename it to use the '.cjs' file extension.
ReferenceError: require is not defined in ES module scope, you can use import instead
This file is being treated as an ES module because it has a '.js' file extension and 'C:\code\Retail_code\BackEnd - Node\2CQR_RETAIL_API - 02-04-2024\package.json' contains "type": "module". To treat it as a CommonJS script, rename it to use the '.cjs' file extension.
    at file:///C:/code/Retail_code/BackEnd%20-%20Node/2CQR_RETAIL_API%20-%2002-04-2024/controllers/Products/Product.js:17:14
    at ModuleJob.run (node:internal/modules/esm/module_job:234:25)
    at async ModuleLoader.import (node:internal/modules/esm/loader:473:24)
    at async asyncRunEntryPointWithESMLoader (node:internal/modules/run_main:123:5)
2024-10-07 15:35:35 [error]: uncaughtException: require is not defined in ES module scope, you can use import instead
This file is being treated as an ES module because it has a '.js' file extension and 'C:\code\Retail_code\BackEnd - Node\2CQR_RETAIL_API - 02-04-2024\package.json' contains "type": "module". To treat it as a CommonJS script, rename it to use the '.cjs' file extension.
ReferenceError: require is not defined in ES module scope, you can use import instead
This file is being treated as an ES module because it has a '.js' file extension and 'C:\code\Retail_code\BackEnd - Node\2CQR_RETAIL_API - 02-04-2024\package.json' contains "type": "module". To treat it as a CommonJS script, rename it to use the '.cjs' file extension.
    at file:///C:/code/Retail_code/BackEnd%20-%20Node/2CQR_RETAIL_API%20-%2002-04-2024/controllers/Products/Product.js:17:14
    at ModuleJob.run (node:internal/modules/esm/module_job:234:25)
    at async ModuleLoader.import (node:internal/modules/esm/loader:473:24)
    at async asyncRunEntryPointWithESMLoader (node:internal/modules/run_main:123:5)
2024-10-07 15:35:53 [error]: uncaughtException: require is not defined in ES module scope, you can use import instead
This file is being treated as an ES module because it has a '.js' file extension and 'C:\code\Retail_code\BackEnd - Node\2CQR_RETAIL_API - 02-04-2024\package.json' contains "type": "module". To treat it as a CommonJS script, rename it to use the '.cjs' file extension.
ReferenceError: require is not defined in ES module scope, you can use import instead
This file is being treated as an ES module because it has a '.js' file extension and 'C:\code\Retail_code\BackEnd - Node\2CQR_RETAIL_API - 02-04-2024\package.json' contains "type": "module". To treat it as a CommonJS script, rename it to use the '.cjs' file extension.
    at file:///C:/code/Retail_code/BackEnd%20-%20Node/2CQR_RETAIL_API%20-%2002-04-2024/controllers/Products/Product.js:17:14
    at ModuleJob.run (node:internal/modules/esm/module_job:234:25)
    at async ModuleLoader.import (node:internal/modules/esm/loader:473:24)
    at async asyncRunEntryPointWithESMLoader (node:internal/modules/run_main:123:5)
2024-10-07 15:35:56 [error]: uncaughtException: require is not defined in ES module scope, you can use import instead
This file is being treated as an ES module because it has a '.js' file extension and 'C:\code\Retail_code\BackEnd - Node\2CQR_RETAIL_API - 02-04-2024\package.json' contains "type": "module". To treat it as a CommonJS script, rename it to use the '.cjs' file extension.
ReferenceError: require is not defined in ES module scope, you can use import instead
This file is being treated as an ES module because it has a '.js' file extension and 'C:\code\Retail_code\BackEnd - Node\2CQR_RETAIL_API - 02-04-2024\package.json' contains "type": "module". To treat it as a CommonJS script, rename it to use the '.cjs' file extension.
    at file:///C:/code/Retail_code/BackEnd%20-%20Node/2CQR_RETAIL_API%20-%2002-04-2024/controllers/Products/Product.js:17:14
    at ModuleJob.run (node:internal/modules/esm/module_job:234:25)
    at async ModuleLoader.import (node:internal/modules/esm/loader:473:24)
    at async asyncRunEntryPointWithESMLoader (node:internal/modules/run_main:123:5)
2024-10-07 15:36:03 [error]: uncaughtException: require is not defined in ES module scope, you can use import instead
This file is being treated as an ES module because it has a '.js' file extension and 'C:\code\Retail_code\BackEnd - Node\2CQR_RETAIL_API - 02-04-2024\package.json' contains "type": "module". To treat it as a CommonJS script, rename it to use the '.cjs' file extension.
ReferenceError: require is not defined in ES module scope, you can use import instead
This file is being treated as an ES module because it has a '.js' file extension and 'C:\code\Retail_code\BackEnd - Node\2CQR_RETAIL_API - 02-04-2024\package.json' contains "type": "module". To treat it as a CommonJS script, rename it to use the '.cjs' file extension.
    at file:///C:/code/Retail_code/BackEnd%20-%20Node/2CQR_RETAIL_API%20-%2002-04-2024/controllers/Products/Product.js:17:14
    at ModuleJob.run (node:internal/modules/esm/module_job:234:25)
    at async ModuleLoader.import (node:internal/modules/esm/loader:473:24)
    at async asyncRunEntryPointWithESMLoader (node:internal/modules/run_main:123:5)
2024-10-07 15:36:06 [error]: uncaughtException: require is not defined in ES module scope, you can use import instead
This file is being treated as an ES module because it has a '.js' file extension and 'C:\code\Retail_code\BackEnd - Node\2CQR_RETAIL_API - 02-04-2024\package.json' contains "type": "module". To treat it as a CommonJS script, rename it to use the '.cjs' file extension.
ReferenceError: require is not defined in ES module scope, you can use import instead
This file is being treated as an ES module because it has a '.js' file extension and 'C:\code\Retail_code\BackEnd - Node\2CQR_RETAIL_API - 02-04-2024\package.json' contains "type": "module". To treat it as a CommonJS script, rename it to use the '.cjs' file extension.
    at file:///C:/code/Retail_code/BackEnd%20-%20Node/2CQR_RETAIL_API%20-%2002-04-2024/controllers/Products/Product.js:17:14
    at ModuleJob.run (node:internal/modules/esm/module_job:234:25)
    at async ModuleLoader.import (node:internal/modules/esm/loader:473:24)
    at async asyncRunEntryPointWithESMLoader (node:internal/modules/run_main:123:5)
2024-10-07 15:38:34 [error]: uncaughtException: require is not defined in ES module scope, you can use import instead
This file is being treated as an ES module because it has a '.js' file extension and 'C:\code\Retail_code\BackEnd - Node\2CQR_RETAIL_API - 02-04-2024\package.json' contains "type": "module". To treat it as a CommonJS script, rename it to use the '.cjs' file extension.
ReferenceError: require is not defined in ES module scope, you can use import instead
This file is being treated as an ES module because it has a '.js' file extension and 'C:\code\Retail_code\BackEnd - Node\2CQR_RETAIL_API - 02-04-2024\package.json' contains "type": "module". To treat it as a CommonJS script, rename it to use the '.cjs' file extension.
    at file:///C:/code/Retail_code/BackEnd%20-%20Node/2CQR_RETAIL_API%20-%2002-04-2024/controllers/Products/Product.js:17:14
    at ModuleJob.run (node:internal/modules/esm/module_job:234:25)
    at async ModuleLoader.import (node:internal/modules/esm/loader:473:24)
    at async asyncRunEntryPointWithESMLoader (node:internal/modules/run_main:123:5)
2024-10-07 15:38:45 [error]: uncaughtException: require is not defined in ES module scope, you can use import instead
This file is being treated as an ES module because it has a '.js' file extension and 'C:\code\Retail_code\BackEnd - Node\2CQR_RETAIL_API - 02-04-2024\package.json' contains "type": "module". To treat it as a CommonJS script, rename it to use the '.cjs' file extension.
ReferenceError: require is not defined in ES module scope, you can use import instead
This file is being treated as an ES module because it has a '.js' file extension and 'C:\code\Retail_code\BackEnd - Node\2CQR_RETAIL_API - 02-04-2024\package.json' contains "type": "module". To treat it as a CommonJS script, rename it to use the '.cjs' file extension.
    at file:///C:/code/Retail_code/BackEnd%20-%20Node/2CQR_RETAIL_API%20-%2002-04-2024/controllers/Products/Product.js:17:14
    at ModuleJob.run (node:internal/modules/esm/module_job:234:25)
    at async ModuleLoader.import (node:internal/modules/esm/loader:473:24)
    at async asyncRunEntryPointWithESMLoader (node:internal/modules/run_main:123:5)
2024-10-07 15:38:47 [error]: uncaughtException: require is not defined in ES module scope, you can use import instead
This file is being treated as an ES module because it has a '.js' file extension and 'C:\code\Retail_code\BackEnd - Node\2CQR_RETAIL_API - 02-04-2024\package.json' contains "type": "module". To treat it as a CommonJS script, rename it to use the '.cjs' file extension.
ReferenceError: require is not defined in ES module scope, you can use import instead
This file is being treated as an ES module because it has a '.js' file extension and 'C:\code\Retail_code\BackEnd - Node\2CQR_RETAIL_API - 02-04-2024\package.json' contains "type": "module". To treat it as a CommonJS script, rename it to use the '.cjs' file extension.
    at file:///C:/code/Retail_code/BackEnd%20-%20Node/2CQR_RETAIL_API%20-%2002-04-2024/controllers/Products/Product.js:17:14
    at ModuleJob.run (node:internal/modules/esm/module_job:234:25)
    at async ModuleLoader.import (node:internal/modules/esm/loader:473:24)
    at async asyncRunEntryPointWithESMLoader (node:internal/modules/run_main:123:5)
2024-10-07 15:39:03 [error]: uncaughtException: require is not defined in ES module scope, you can use import instead
This file is being treated as an ES module because it has a '.js' file extension and 'C:\code\Retail_code\BackEnd - Node\2CQR_RETAIL_API - 02-04-2024\package.json' contains "type": "module". To treat it as a CommonJS script, rename it to use the '.cjs' file extension.
ReferenceError: require is not defined in ES module scope, you can use import instead
This file is being treated as an ES module because it has a '.js' file extension and 'C:\code\Retail_code\BackEnd - Node\2CQR_RETAIL_API - 02-04-2024\package.json' contains "type": "module". To treat it as a CommonJS script, rename it to use the '.cjs' file extension.
    at file:///C:/code/Retail_code/BackEnd%20-%20Node/2CQR_RETAIL_API%20-%2002-04-2024/controllers/Products/Product.js:17:14
    at ModuleJob.run (node:internal/modules/esm/module_job:234:25)
    at async ModuleLoader.import (node:internal/modules/esm/loader:473:24)
    at async asyncRunEntryPointWithESMLoader (node:internal/modules/run_main:123:5)
2024-10-07 15:39:14 [error]: uncaughtException: require is not defined in ES module scope, you can use import instead
This file is being treated as an ES module because it has a '.js' file extension and 'C:\code\Retail_code\BackEnd - Node\2CQR_RETAIL_API - 02-04-2024\package.json' contains "type": "module". To treat it as a CommonJS script, rename it to use the '.cjs' file extension.
ReferenceError: require is not defined in ES module scope, you can use import instead
This file is being treated as an ES module because it has a '.js' file extension and 'C:\code\Retail_code\BackEnd - Node\2CQR_RETAIL_API - 02-04-2024\package.json' contains "type": "module". To treat it as a CommonJS script, rename it to use the '.cjs' file extension.
    at file:///C:/code/Retail_code/BackEnd%20-%20Node/2CQR_RETAIL_API%20-%2002-04-2024/controllers/Products/Product.js:17:14
    at ModuleJob.run (node:internal/modules/esm/module_job:234:25)
    at async ModuleLoader.import (node:internal/modules/esm/loader:473:24)
    at async asyncRunEntryPointWithESMLoader (node:internal/modules/run_main:123:5)
2024-10-07 15:40:09 [error]: uncaughtException: require is not defined in ES module scope, you can use import instead
This file is being treated as an ES module because it has a '.js' file extension and 'C:\code\Retail_code\BackEnd - Node\2CQR_RETAIL_API - 02-04-2024\package.json' contains "type": "module". To treat it as a CommonJS script, rename it to use the '.cjs' file extension.
ReferenceError: require is not defined in ES module scope, you can use import instead
This file is being treated as an ES module because it has a '.js' file extension and 'C:\code\Retail_code\BackEnd - Node\2CQR_RETAIL_API - 02-04-2024\package.json' contains "type": "module". To treat it as a CommonJS script, rename it to use the '.cjs' file extension.
    at file:///C:/code/Retail_code/BackEnd%20-%20Node/2CQR_RETAIL_API%20-%2002-04-2024/controllers/Products/Product.js:17:14
    at ModuleJob.run (node:internal/modules/esm/module_job:234:25)
    at async ModuleLoader.import (node:internal/modules/esm/loader:473:24)
    at async asyncRunEntryPointWithESMLoader (node:internal/modules/run_main:123:5)
2024-10-07 15:41:00 [error]: uncaughtException: require is not defined in ES module scope, you can use import instead
This file is being treated as an ES module because it has a '.js' file extension and 'C:\code\Retail_code\BackEnd - Node\2CQR_RETAIL_API - 02-04-2024\package.json' contains "type": "module". To treat it as a CommonJS script, rename it to use the '.cjs' file extension.
ReferenceError: require is not defined in ES module scope, you can use import instead
This file is being treated as an ES module because it has a '.js' file extension and 'C:\code\Retail_code\BackEnd - Node\2CQR_RETAIL_API - 02-04-2024\package.json' contains "type": "module". To treat it as a CommonJS script, rename it to use the '.cjs' file extension.
    at file:///C:/code/Retail_code/BackEnd%20-%20Node/2CQR_RETAIL_API%20-%2002-04-2024/controllers/Products/Product.js:17:14
    at ModuleJob.run (node:internal/modules/esm/module_job:234:25)
    at async ModuleLoader.import (node:internal/modules/esm/loader:473:24)
    at async asyncRunEntryPointWithESMLoader (node:internal/modules/run_main:123:5)
2024-10-07 15:41:17 [error]: uncaughtException: require is not defined in ES module scope, you can use import instead
This file is being treated as an ES module because it has a '.js' file extension and 'C:\code\Retail_code\BackEnd - Node\2CQR_RETAIL_API - 02-04-2024\package.json' contains "type": "module". To treat it as a CommonJS script, rename it to use the '.cjs' file extension.
ReferenceError: require is not defined in ES module scope, you can use import instead
This file is being treated as an ES module because it has a '.js' file extension and 'C:\code\Retail_code\BackEnd - Node\2CQR_RETAIL_API - 02-04-2024\package.json' contains "type": "module". To treat it as a CommonJS script, rename it to use the '.cjs' file extension.
    at file:///C:/code/Retail_code/BackEnd%20-%20Node/2CQR_RETAIL_API%20-%2002-04-2024/controllers/Products/Product.js:17:14
    at ModuleJob.run (node:internal/modules/esm/module_job:234:25)
    at async ModuleLoader.import (node:internal/modules/esm/loader:473:24)
    at async asyncRunEntryPointWithESMLoader (node:internal/modules/run_main:123:5)
2024-10-07 15:41:49 [error]: uncaughtException: require is not defined in ES module scope, you can use import instead
This file is being treated as an ES module because it has a '.js' file extension and 'C:\code\Retail_code\BackEnd - Node\2CQR_RETAIL_API - 02-04-2024\package.json' contains "type": "module". To treat it as a CommonJS script, rename it to use the '.cjs' file extension.
ReferenceError: require is not defined in ES module scope, you can use import instead
This file is being treated as an ES module because it has a '.js' file extension and 'C:\code\Retail_code\BackEnd - Node\2CQR_RETAIL_API - 02-04-2024\package.json' contains "type": "module". To treat it as a CommonJS script, rename it to use the '.cjs' file extension.
    at file:///C:/code/Retail_code/BackEnd%20-%20Node/2CQR_RETAIL_API%20-%2002-04-2024/controllers/Products/Product.js:17:14
    at ModuleJob.run (node:internal/modules/esm/module_job:234:25)
    at async ModuleLoader.import (node:internal/modules/esm/loader:473:24)
    at async asyncRunEntryPointWithESMLoader (node:internal/modules/run_main:123:5)
2024-10-07 15:42:54 [error]: uncaughtException: require is not defined in ES module scope, you can use import instead
This file is being treated as an ES module because it has a '.js' file extension and 'C:\code\Retail_code\BackEnd - Node\2CQR_RETAIL_API - 02-04-2024\package.json' contains "type": "module". To treat it as a CommonJS script, rename it to use the '.cjs' file extension.
ReferenceError: require is not defined in ES module scope, you can use import instead
This file is being treated as an ES module because it has a '.js' file extension and 'C:\code\Retail_code\BackEnd - Node\2CQR_RETAIL_API - 02-04-2024\package.json' contains "type": "module". To treat it as a CommonJS script, rename it to use the '.cjs' file extension.
    at file:///C:/code/Retail_code/BackEnd%20-%20Node/2CQR_RETAIL_API%20-%2002-04-2024/controllers/Products/Product.js:17:14
    at ModuleJob.run (node:internal/modules/esm/module_job:234:25)
    at async ModuleLoader.import (node:internal/modules/esm/loader:473:24)
    at async asyncRunEntryPointWithESMLoader (node:internal/modules/run_main:123:5)
2024-10-07 15:43:43 [error]: uncaughtException: require is not defined in ES module scope, you can use import instead
This file is being treated as an ES module because it has a '.js' file extension and 'C:\code\Retail_code\BackEnd - Node\2CQR_RETAIL_API - 02-04-2024\package.json' contains "type": "module". To treat it as a CommonJS script, rename it to use the '.cjs' file extension.
ReferenceError: require is not defined in ES module scope, you can use import instead
This file is being treated as an ES module because it has a '.js' file extension and 'C:\code\Retail_code\BackEnd - Node\2CQR_RETAIL_API - 02-04-2024\package.json' contains "type": "module". To treat it as a CommonJS script, rename it to use the '.cjs' file extension.
    at file:///C:/code/Retail_code/BackEnd%20-%20Node/2CQR_RETAIL_API%20-%2002-04-2024/controllers/Products/Product.js:17:14
    at ModuleJob.run (node:internal/modules/esm/module_job:234:25)
    at async ModuleLoader.import (node:internal/modules/esm/loader:473:24)
    at async asyncRunEntryPointWithESMLoader (node:internal/modules/run_main:123:5)
2024-10-07 15:43:49 [error]: uncaughtException: require is not defined in ES module scope, you can use import instead
This file is being treated as an ES module because it has a '.js' file extension and 'C:\code\Retail_code\BackEnd - Node\2CQR_RETAIL_API - 02-04-2024\package.json' contains "type": "module". To treat it as a CommonJS script, rename it to use the '.cjs' file extension.
ReferenceError: require is not defined in ES module scope, you can use import instead
This file is being treated as an ES module because it has a '.js' file extension and 'C:\code\Retail_code\BackEnd - Node\2CQR_RETAIL_API - 02-04-2024\package.json' contains "type": "module". To treat it as a CommonJS script, rename it to use the '.cjs' file extension.
    at file:///C:/code/Retail_code/BackEnd%20-%20Node/2CQR_RETAIL_API%20-%2002-04-2024/controllers/Products/Product.js:17:14
    at ModuleJob.run (node:internal/modules/esm/module_job:234:25)
    at async ModuleLoader.import (node:internal/modules/esm/loader:473:24)
    at async asyncRunEntryPointWithESMLoader (node:internal/modules/run_main:123:5)
2024-10-07 15:43:53 [error]: uncaughtException: require is not defined in ES module scope, you can use import instead
This file is being treated as an ES module because it has a '.js' file extension and 'C:\code\Retail_code\BackEnd - Node\2CQR_RETAIL_API - 02-04-2024\package.json' contains "type": "module". To treat it as a CommonJS script, rename it to use the '.cjs' file extension.
ReferenceError: require is not defined in ES module scope, you can use import instead
This file is being treated as an ES module because it has a '.js' file extension and 'C:\code\Retail_code\BackEnd - Node\2CQR_RETAIL_API - 02-04-2024\package.json' contains "type": "module". To treat it as a CommonJS script, rename it to use the '.cjs' file extension.
    at file:///C:/code/Retail_code/BackEnd%20-%20Node/2CQR_RETAIL_API%20-%2002-04-2024/controllers/Products/Product.js:17:14
    at ModuleJob.run (node:internal/modules/esm/module_job:234:25)
    at async ModuleLoader.import (node:internal/modules/esm/loader:473:24)
    at async asyncRunEntryPointWithESMLoader (node:internal/modules/run_main:123:5)
2024-10-07 15:43:54 [error]: uncaughtException: require is not defined in ES module scope, you can use import instead
This file is being treated as an ES module because it has a '.js' file extension and 'C:\code\Retail_code\BackEnd - Node\2CQR_RETAIL_API - 02-04-2024\package.json' contains "type": "module". To treat it as a CommonJS script, rename it to use the '.cjs' file extension.
ReferenceError: require is not defined in ES module scope, you can use import instead
This file is being treated as an ES module because it has a '.js' file extension and 'C:\code\Retail_code\BackEnd - Node\2CQR_RETAIL_API - 02-04-2024\package.json' contains "type": "module". To treat it as a CommonJS script, rename it to use the '.cjs' file extension.
    at file:///C:/code/Retail_code/BackEnd%20-%20Node/2CQR_RETAIL_API%20-%2002-04-2024/controllers/Products/Product.js:17:14
    at ModuleJob.run (node:internal/modules/esm/module_job:234:25)
    at async ModuleLoader.import (node:internal/modules/esm/loader:473:24)
    at async asyncRunEntryPointWithESMLoader (node:internal/modules/run_main:123:5)
2024-10-07 15:44:20 [error]: uncaughtException: require is not defined in ES module scope, you can use import instead
This file is being treated as an ES module because it has a '.js' file extension and 'C:\code\Retail_code\BackEnd - Node\2CQR_RETAIL_API - 02-04-2024\package.json' contains "type": "module". To treat it as a CommonJS script, rename it to use the '.cjs' file extension.
ReferenceError: require is not defined in ES module scope, you can use import instead
This file is being treated as an ES module because it has a '.js' file extension and 'C:\code\Retail_code\BackEnd - Node\2CQR_RETAIL_API - 02-04-2024\package.json' contains "type": "module". To treat it as a CommonJS script, rename it to use the '.cjs' file extension.
    at file:///C:/code/Retail_code/BackEnd%20-%20Node/2CQR_RETAIL_API%20-%2002-04-2024/index.js:2:17
    at ModuleJob.run (node:internal/modules/esm/module_job:234:25)
    at async ModuleLoader.import (node:internal/modules/esm/loader:473:24)
    at async asyncRunEntryPointWithESMLoader (node:internal/modules/run_main:123:5)
2024-10-07 15:44:34 [error]: uncaughtException: require is not defined in ES module scope, you can use import instead
This file is being treated as an ES module because it has a '.js' file extension and 'C:\code\Retail_code\BackEnd - Node\2CQR_RETAIL_API - 02-04-2024\package.json' contains "type": "module". To treat it as a CommonJS script, rename it to use the '.cjs' file extension.
ReferenceError: require is not defined in ES module scope, you can use import instead
This file is being treated as an ES module because it has a '.js' file extension and 'C:\code\Retail_code\BackEnd - Node\2CQR_RETAIL_API - 02-04-2024\package.json' contains "type": "module". To treat it as a CommonJS script, rename it to use the '.cjs' file extension.
    at file:///C:/code/Retail_code/BackEnd%20-%20Node/2CQR_RETAIL_API%20-%2002-04-2024/index.js:2:17
    at ModuleJob.run (node:internal/modules/esm/module_job:234:25)
    at async ModuleLoader.import (node:internal/modules/esm/loader:473:24)
    at async asyncRunEntryPointWithESMLoader (node:internal/modules/run_main:123:5)
2024-10-07 15:44:39 [error]: uncaughtException: express is not defined
ReferenceError: express is not defined
    at file:///C:/code/Retail_code/BackEnd%20-%20Node/2CQR_RETAIL_API%20-%2002-04-2024/index.js:13:13
    at ModuleJob.run (node:internal/modules/esm/module_job:234:25)
    at async ModuleLoader.import (node:internal/modules/esm/loader:473:24)
    at async asyncRunEntryPointWithESMLoader (node:internal/modules/run_main:123:5)
2024-10-07 15:45:01 [error]: uncaughtException: require is not defined in ES module scope, you can use import instead
This file is being treated as an ES module because it has a '.js' file extension and 'C:\code\Retail_code\BackEnd - Node\2CQR_RETAIL_API - 02-04-2024\package.json' contains "type": "module". To treat it as a CommonJS script, rename it to use the '.cjs' file extension.
ReferenceError: require is not defined in ES module scope, you can use import instead
This file is being treated as an ES module because it has a '.js' file extension and 'C:\code\Retail_code\BackEnd - Node\2CQR_RETAIL_API - 02-04-2024\package.json' contains "type": "module". To treat it as a CommonJS script, rename it to use the '.cjs' file extension.
    at file:///C:/code/Retail_code/BackEnd%20-%20Node/2CQR_RETAIL_API%20-%2002-04-2024/index.js:3:16
    at ModuleJob.run (node:internal/modules/esm/module_job:234:25)
    at async ModuleLoader.import (node:internal/modules/esm/loader:473:24)
    at async asyncRunEntryPointWithESMLoader (node:internal/modules/run_main:123:5)
2024-10-07 15:45:23 [error]: uncaughtException: require is not defined in ES module scope, you can use import instead
This file is being treated as an ES module because it has a '.js' file extension and 'C:\code\Retail_code\BackEnd - Node\2CQR_RETAIL_API - 02-04-2024\package.json' contains "type": "module". To treat it as a CommonJS script, rename it to use the '.cjs' file extension.
ReferenceError: require is not defined in ES module scope, you can use import instead
This file is being treated as an ES module because it has a '.js' file extension and 'C:\code\Retail_code\BackEnd - Node\2CQR_RETAIL_API - 02-04-2024\package.json' contains "type": "module". To treat it as a CommonJS script, rename it to use the '.cjs' file extension.
    at file:///C:/code/Retail_code/BackEnd%20-%20Node/2CQR_RETAIL_API%20-%2002-04-2024/index.js:2:16
    at ModuleJob.run (node:internal/modules/esm/module_job:234:25)
    at async ModuleLoader.import (node:internal/modules/esm/loader:473:24)
    at async asyncRunEntryPointWithESMLoader (node:internal/modules/run_main:123:5)
2024-10-07 15:45:37 [error]: uncaughtException: require is not defined in ES module scope, you can use import instead
This file is being treated as an ES module because it has a '.js' file extension and 'C:\code\Retail_code\BackEnd - Node\2CQR_RETAIL_API - 02-04-2024\package.json' contains "type": "module". To treat it as a CommonJS script, rename it to use the '.cjs' file extension.
ReferenceError: require is not defined in ES module scope, you can use import instead
This file is being treated as an ES module because it has a '.js' file extension and 'C:\code\Retail_code\BackEnd - Node\2CQR_RETAIL_API - 02-04-2024\package.json' contains "type": "module". To treat it as a CommonJS script, rename it to use the '.cjs' file extension.
    at file:///C:/code/Retail_code/BackEnd%20-%20Node/2CQR_RETAIL_API%20-%2002-04-2024/index.js:13:16
    at ModuleJob.run (node:internal/modules/esm/module_job:234:25)
    at async ModuleLoader.import (node:internal/modules/esm/loader:473:24)
    at async asyncRunEntryPointWithESMLoader (node:internal/modules/run_main:123:5)
2024-10-07 15:47:06 [error]: uncaughtException: multer is not defined
ReferenceError: multer is not defined
    at file:///C:/code/Retail_code/BackEnd%20-%20Node/2CQR_RETAIL_API%20-%2002-04-2024/routes/index.js:27:17
    at ModuleJob.run (node:internal/modules/esm/module_job:234:25)
    at async ModuleLoader.import (node:internal/modules/esm/loader:473:24)
    at async asyncRunEntryPointWithESMLoader (node:internal/modules/run_main:123:5)
2024-10-07 15:47:19 [error]: uncaughtException: require is not defined in ES module scope, you can use import instead
This file is being treated as an ES module because it has a '.js' file extension and 'C:\code\Retail_code\BackEnd - Node\2CQR_RETAIL_API - 02-04-2024\package.json' contains "type": "module". To treat it as a CommonJS script, rename it to use the '.cjs' file extension.
ReferenceError: require is not defined in ES module scope, you can use import instead
This file is being treated as an ES module because it has a '.js' file extension and 'C:\code\Retail_code\BackEnd - Node\2CQR_RETAIL_API - 02-04-2024\package.json' contains "type": "module". To treat it as a CommonJS script, rename it to use the '.cjs' file extension.
    at file:///C:/code/Retail_code/BackEnd%20-%20Node/2CQR_RETAIL_API%20-%2002-04-2024/index.js:13:16
    at ModuleJob.run (node:internal/modules/esm/module_job:234:25)
    at async ModuleLoader.import (node:internal/modules/esm/loader:473:24)
    at async asyncRunEntryPointWithESMLoader (node:internal/modules/run_main:123:5)
2024-10-07 15:47:32 [error]: uncaughtException: require is not defined in ES module scope, you can use import instead
This file is being treated as an ES module because it has a '.js' file extension and 'C:\code\Retail_code\BackEnd - Node\2CQR_RETAIL_API - 02-04-2024\package.json' contains "type": "module". To treat it as a CommonJS script, rename it to use the '.cjs' file extension.
ReferenceError: require is not defined in ES module scope, you can use import instead
This file is being treated as an ES module because it has a '.js' file extension and 'C:\code\Retail_code\BackEnd - Node\2CQR_RETAIL_API - 02-04-2024\package.json' contains "type": "module". To treat it as a CommonJS script, rename it to use the '.cjs' file extension.
    at file:///C:/code/Retail_code/BackEnd%20-%20Node/2CQR_RETAIL_API%20-%2002-04-2024/index.js:13:16
    at ModuleJob.run (node:internal/modules/esm/module_job:234:25)
    at async ModuleLoader.import (node:internal/modules/esm/loader:473:24)
    at async asyncRunEntryPointWithESMLoader (node:internal/modules/run_main:123:5)
2024-10-07 15:47:48 [error]: uncaughtException: require is not defined in ES module scope, you can use import instead
This file is being treated as an ES module because it has a '.js' file extension and 'C:\code\Retail_code\BackEnd - Node\2CQR_RETAIL_API - 02-04-2024\package.json' contains "type": "module". To treat it as a CommonJS script, rename it to use the '.cjs' file extension.
ReferenceError: require is not defined in ES module scope, you can use import instead
This file is being treated as an ES module because it has a '.js' file extension and 'C:\code\Retail_code\BackEnd - Node\2CQR_RETAIL_API - 02-04-2024\package.json' contains "type": "module". To treat it as a CommonJS script, rename it to use the '.cjs' file extension.
    at file:///C:/code/Retail_code/BackEnd%20-%20Node/2CQR_RETAIL_API%20-%2002-04-2024/routes/v1/ProductsRoutes.js:7:16
    at ModuleJob.run (node:internal/modules/esm/module_job:234:25)
    at async ModuleLoader.import (node:internal/modules/esm/loader:473:24)
    at async asyncRunEntryPointWithESMLoader (node:internal/modules/run_main:123:5)
2024-10-07 16:53:00 [error]: uncaughtException: bodyParser is not defined
ReferenceError: bodyParser is not defined
    at file:///C:/code/Retail_code/BackEnd%20-%20Node/2CQR_RETAIL_API%20-%2002-04-2024/index.js:39:9
    at ModuleJob.run (node:internal/modules/esm/module_job:234:25)
    at async ModuleLoader.import (node:internal/modules/esm/loader:473:24)
    at async asyncRunEntryPointWithESMLoader (node:internal/modules/run_main:123:5)
2024-10-07 16:59:42 [error]: uncaughtException: require is not defined in ES module scope, you can use import instead
This file is being treated as an ES module because it has a '.js' file extension and 'C:\code\Retail_code\BackEnd - Node\2CQR_RETAIL_API - 02-04-2024\package.json' contains "type": "module". To treat it as a CommonJS script, rename it to use the '.cjs' file extension.
ReferenceError: require is not defined in ES module scope, you can use import instead
This file is being treated as an ES module because it has a '.js' file extension and 'C:\code\Retail_code\BackEnd - Node\2CQR_RETAIL_API - 02-04-2024\package.json' contains "type": "module". To treat it as a CommonJS script, rename it to use the '.cjs' file extension.
    at file:///C:/code/Retail_code/BackEnd%20-%20Node/2CQR_RETAIL_API%20-%2002-04-2024/routes/v1/ProductsRoutes.js:23:17
    at ModuleJob.run (node:internal/modules/esm/module_job:234:25)
    at async ModuleLoader.import (node:internal/modules/esm/loader:473:24)
    at async asyncRunEntryPointWithESMLoader (node:internal/modules/run_main:123:5)
2024-10-07 16:59:45 [error]: uncaughtException: require is not defined in ES module scope, you can use import instead
This file is being treated as an ES module because it has a '.js' file extension and 'C:\code\Retail_code\BackEnd - Node\2CQR_RETAIL_API - 02-04-2024\package.json' contains "type": "module". To treat it as a CommonJS script, rename it to use the '.cjs' file extension.
ReferenceError: require is not defined in ES module scope, you can use import instead
This file is being treated as an ES module because it has a '.js' file extension and 'C:\code\Retail_code\BackEnd - Node\2CQR_RETAIL_API - 02-04-2024\package.json' contains "type": "module". To treat it as a CommonJS script, rename it to use the '.cjs' file extension.
    at file:///C:/code/Retail_code/BackEnd%20-%20Node/2CQR_RETAIL_API%20-%2002-04-2024/routes/v1/ProductsRoutes.js:23:17
    at ModuleJob.run (node:internal/modules/esm/module_job:234:25)
    at async ModuleLoader.import (node:internal/modules/esm/loader:473:24)
    at async asyncRunEntryPointWithESMLoader (node:internal/modules/run_main:123:5)
2024-10-07 16:59:59 [error]: uncaughtException: require is not defined in ES module scope, you can use import instead
This file is being treated as an ES module because it has a '.js' file extension and 'C:\code\Retail_code\BackEnd - Node\2CQR_RETAIL_API - 02-04-2024\package.json' contains "type": "module". To treat it as a CommonJS script, rename it to use the '.cjs' file extension.
ReferenceError: require is not defined in ES module scope, you can use import instead
This file is being treated as an ES module because it has a '.js' file extension and 'C:\code\Retail_code\BackEnd - Node\2CQR_RETAIL_API - 02-04-2024\package.json' contains "type": "module". To treat it as a CommonJS script, rename it to use the '.cjs' file extension.
    at file:///C:/code/Retail_code/BackEnd%20-%20Node/2CQR_RETAIL_API%20-%2002-04-2024/routes/v1/ProductsRoutes.js:23:17
    at ModuleJob.run (node:internal/modules/esm/module_job:234:25)
    at async ModuleLoader.import (node:internal/modules/esm/loader:473:24)
    at async asyncRunEntryPointWithESMLoader (node:internal/modules/run_main:123:5)
2024-10-07 17:00:06 [error]: uncaughtException: require is not defined in ES module scope, you can use import instead
This file is being treated as an ES module because it has a '.js' file extension and 'C:\code\Retail_code\BackEnd - Node\2CQR_RETAIL_API - 02-04-2024\package.json' contains "type": "module". To treat it as a CommonJS script, rename it to use the '.cjs' file extension.
ReferenceError: require is not defined in ES module scope, you can use import instead
This file is being treated as an ES module because it has a '.js' file extension and 'C:\code\Retail_code\BackEnd - Node\2CQR_RETAIL_API - 02-04-2024\package.json' contains "type": "module". To treat it as a CommonJS script, rename it to use the '.cjs' file extension.
    at file:///C:/code/Retail_code/BackEnd%20-%20Node/2CQR_RETAIL_API%20-%2002-04-2024/routes/v1/ProductsRoutes.js:23:17
    at ModuleJob.run (node:internal/modules/esm/module_job:234:25)
    at async ModuleLoader.import (node:internal/modules/esm/loader:473:24)
    at async asyncRunEntryPointWithESMLoader (node:internal/modules/run_main:123:5)
2024-10-07 17:00:17 [error]: uncaughtException: require is not defined in ES module scope, you can use import instead
This file is being treated as an ES module because it has a '.js' file extension and 'C:\code\Retail_code\BackEnd - Node\2CQR_RETAIL_API - 02-04-2024\package.json' contains "type": "module". To treat it as a CommonJS script, rename it to use the '.cjs' file extension.
ReferenceError: require is not defined in ES module scope, you can use import instead
This file is being treated as an ES module because it has a '.js' file extension and 'C:\code\Retail_code\BackEnd - Node\2CQR_RETAIL_API - 02-04-2024\package.json' contains "type": "module". To treat it as a CommonJS script, rename it to use the '.cjs' file extension.
    at file:///C:/code/Retail_code/BackEnd%20-%20Node/2CQR_RETAIL_API%20-%2002-04-2024/routes/v1/ProductsRoutes.js:23:17
    at ModuleJob.run (node:internal/modules/esm/module_job:234:25)
    at async ModuleLoader.import (node:internal/modules/esm/loader:473:24)
    at async asyncRunEntryPointWithESMLoader (node:internal/modules/run_main:123:5)
2024-10-07 17:11:28 [error]: uncaughtException: __dirname is not defined in ES module scope
This file is being treated as an ES module because it has a '.js' file extension and 'C:\code\Retail_code\BackEnd - Node\2CQR_RETAIL_API - 02-04-2024\package.json' contains "type": "module". To treat it as a CommonJS script, rename it to use the '.cjs' file extension.
ReferenceError: __dirname is not defined in ES module scope
This file is being treated as an ES module because it has a '.js' file extension and 'C:\code\Retail_code\BackEnd - Node\2CQR_RETAIL_API - 02-04-2024\package.json' contains "type": "module". To treat it as a CommonJS script, rename it to use the '.cjs' file extension.
    at file:///C:/code/Retail_code/BackEnd%20-%20Node/2CQR_RETAIL_API%20-%2002-04-2024/index.js:36:20
    at ModuleJob.run (node:internal/modules/esm/module_job:234:25)
    at async ModuleLoader.import (node:internal/modules/esm/loader:473:24)
    at async asyncRunEntryPointWithESMLoader (node:internal/modules/run_main:123:5)
2024-10-07 17:12:04 [error]: uncaughtException: __dirname is not defined in ES module scope
This file is being treated as an ES module because it has a '.js' file extension and 'C:\code\Retail_code\BackEnd - Node\2CQR_RETAIL_API - 02-04-2024\package.json' contains "type": "module". To treat it as a CommonJS script, rename it to use the '.cjs' file extension.
ReferenceError: __dirname is not defined in ES module scope
This file is being treated as an ES module because it has a '.js' file extension and 'C:\code\Retail_code\BackEnd - Node\2CQR_RETAIL_API - 02-04-2024\package.json' contains "type": "module". To treat it as a CommonJS script, rename it to use the '.cjs' file extension.
    at file:///C:/code/Retail_code/BackEnd%20-%20Node/2CQR_RETAIL_API%20-%2002-04-2024/index.js:38:20
    at ModuleJob.run (node:internal/modules/esm/module_job:234:25)
    at async ModuleLoader.import (node:internal/modules/esm/loader:473:24)
    at async asyncRunEntryPointWithESMLoader (node:internal/modules/run_main:123:5)
2024-10-07 17:12:08 [error]: uncaughtException: __dirname is not defined in ES module scope
This file is being treated as an ES module because it has a '.js' file extension and 'C:\code\Retail_code\BackEnd - Node\2CQR_RETAIL_API - 02-04-2024\package.json' contains "type": "module". To treat it as a CommonJS script, rename it to use the '.cjs' file extension.
ReferenceError: __dirname is not defined in ES module scope
This file is being treated as an ES module because it has a '.js' file extension and 'C:\code\Retail_code\BackEnd - Node\2CQR_RETAIL_API - 02-04-2024\package.json' contains "type": "module". To treat it as a CommonJS script, rename it to use the '.cjs' file extension.
    at file:///C:/code/Retail_code/BackEnd%20-%20Node/2CQR_RETAIL_API%20-%2002-04-2024/index.js:38:20
    at ModuleJob.run (node:internal/modules/esm/module_job:234:25)
    at async ModuleLoader.import (node:internal/modules/esm/loader:473:24)
    at async asyncRunEntryPointWithESMLoader (node:internal/modules/run_main:123:5)
2024-10-07 17:12:10 [error]: uncaughtException: __dirname is not defined in ES module scope
This file is being treated as an ES module because it has a '.js' file extension and 'C:\code\Retail_code\BackEnd - Node\2CQR_RETAIL_API - 02-04-2024\package.json' contains "type": "module". To treat it as a CommonJS script, rename it to use the '.cjs' file extension.
ReferenceError: __dirname is not defined in ES module scope
This file is being treated as an ES module because it has a '.js' file extension and 'C:\code\Retail_code\BackEnd - Node\2CQR_RETAIL_API - 02-04-2024\package.json' contains "type": "module". To treat it as a CommonJS script, rename it to use the '.cjs' file extension.
    at file:///C:/code/Retail_code/BackEnd%20-%20Node/2CQR_RETAIL_API%20-%2002-04-2024/index.js:38:20
    at ModuleJob.run (node:internal/modules/esm/module_job:234:25)
    at async ModuleLoader.import (node:internal/modules/esm/loader:473:24)
    at async asyncRunEntryPointWithESMLoader (node:internal/modules/run_main:123:5)
2024-10-07 17:12:26 [error]: uncaughtException: __dirname is not defined in ES module scope
This file is being treated as an ES module because it has a '.js' file extension and 'C:\code\Retail_code\BackEnd - Node\2CQR_RETAIL_API - 02-04-2024\package.json' contains "type": "module". To treat it as a CommonJS script, rename it to use the '.cjs' file extension.
ReferenceError: __dirname is not defined in ES module scope
This file is being treated as an ES module because it has a '.js' file extension and 'C:\code\Retail_code\BackEnd - Node\2CQR_RETAIL_API - 02-04-2024\package.json' contains "type": "module". To treat it as a CommonJS script, rename it to use the '.cjs' file extension.
    at file:///C:/code/Retail_code/BackEnd%20-%20Node/2CQR_RETAIL_API%20-%2002-04-2024/index.js:38:20
    at ModuleJob.run (node:internal/modules/esm/module_job:234:25)
    at async ModuleLoader.import (node:internal/modules/esm/loader:473:24)
    at async asyncRunEntryPointWithESMLoader (node:internal/modules/run_main:123:5)
2024-10-07 17:13:31 [error]: uncaughtException: __dirname is not defined in ES module scope
This file is being treated as an ES module because it has a '.js' file extension and 'C:\code\Retail_code\BackEnd - Node\2CQR_RETAIL_API - 02-04-2024\package.json' contains "type": "module". To treat it as a CommonJS script, rename it to use the '.cjs' file extension.
ReferenceError: __dirname is not defined in ES module scope
This file is being treated as an ES module because it has a '.js' file extension and 'C:\code\Retail_code\BackEnd - Node\2CQR_RETAIL_API - 02-04-2024\package.json' contains "type": "module". To treat it as a CommonJS script, rename it to use the '.cjs' file extension.
    at file:///C:/code/Retail_code/BackEnd%20-%20Node/2CQR_RETAIL_API%20-%2002-04-2024/index.js:38:20
    at ModuleJob.run (node:internal/modules/esm/module_job:234:25)
    at async ModuleLoader.import (node:internal/modules/esm/loader:473:24)
    at async asyncRunEntryPointWithESMLoader (node:internal/modules/run_main:123:5)
2024-10-07 17:14:09 [error]: uncaughtException: __basedir is not defined
ReferenceError: __basedir is not defined
    at file:///C:/code/Retail_code/BackEnd%20-%20Node/2CQR_RETAIL_API%20-%2002-04-2024/index.js:39:30
    at ModuleJob.run (node:internal/modules/esm/module_job:234:25)
    at async ModuleLoader.import (node:internal/modules/esm/loader:473:24)
    at async asyncRunEntryPointWithESMLoader (node:internal/modules/run_main:123:5)
2024-10-07 17:14:26 [error]: uncaughtException: __basedir is not defined
ReferenceError: __basedir is not defined
    at file:///C:/code/Retail_code/BackEnd%20-%20Node/2CQR_RETAIL_API%20-%2002-04-2024/index.js:39:30
    at ModuleJob.run (node:internal/modules/esm/module_job:234:25)
    at async ModuleLoader.import (node:internal/modules/esm/loader:473:24)
    at async asyncRunEntryPointWithESMLoader (node:internal/modules/run_main:123:5)
2024-10-07 17:15:52 [error]: uncaughtException: __dirname is not defined in ES module scope
This file is being treated as an ES module because it has a '.js' file extension and 'C:\code\Retail_code\BackEnd - Node\2CQR_RETAIL_API - 02-04-2024\package.json' contains "type": "module". To treat it as a CommonJS script, rename it to use the '.cjs' file extension.
ReferenceError: __dirname is not defined in ES module scope
This file is being treated as an ES module because it has a '.js' file extension and 'C:\code\Retail_code\BackEnd - Node\2CQR_RETAIL_API - 02-04-2024\package.json' contains "type": "module". To treat it as a CommonJS script, rename it to use the '.cjs' file extension.
    at file:///C:/code/Retail_code/BackEnd%20-%20Node/2CQR_RETAIL_API%20-%2002-04-2024/index.js:10:20
    at ModuleJob.run (node:internal/modules/esm/module_job:234:25)
    at async ModuleLoader.import (node:internal/modules/esm/loader:473:24)
    at async asyncRunEntryPointWithESMLoader (node:internal/modules/run_main:123:5)
2024-10-08 09:31:04 [error]: uncaughtException: __dirname is not defined in ES module scope
This file is being treated as an ES module because it has a '.js' file extension and 'C:\code\Retail_code\BackEnd - Node\2CQR_RETAIL_API - 02-04-2024\package.json' contains "type": "module". To treat it as a CommonJS script, rename it to use the '.cjs' file extension.
ReferenceError: __dirname is not defined in ES module scope
This file is being treated as an ES module because it has a '.js' file extension and 'C:\code\Retail_code\BackEnd - Node\2CQR_RETAIL_API - 02-04-2024\package.json' contains "type": "module". To treat it as a CommonJS script, rename it to use the '.cjs' file extension.
    at file:///C:/code/Retail_code/BackEnd%20-%20Node/2CQR_RETAIL_API%20-%2002-04-2024/index.js:25:20
    at ModuleJob.run (node:internal/modules/esm/module_job:234:25)
    at async ModuleLoader.import (node:internal/modules/esm/loader:473:24)
    at async asyncRunEntryPointWithESMLoader (node:internal/modules/run_main:123:5)
2024-10-08 09:32:13 [error]: uncaughtException: __dirname is not defined in ES module scope
This file is being treated as an ES module because it has a '.js' file extension and 'C:\code\Retail_code\BackEnd - Node\2CQR_RETAIL_API - 02-04-2024\package.json' contains "type": "module". To treat it as a CommonJS script, rename it to use the '.cjs' file extension.
ReferenceError: __dirname is not defined in ES module scope
This file is being treated as an ES module because it has a '.js' file extension and 'C:\code\Retail_code\BackEnd - Node\2CQR_RETAIL_API - 02-04-2024\package.json' contains "type": "module". To treat it as a CommonJS script, rename it to use the '.cjs' file extension.
    at file:///C:/code/Retail_code/BackEnd%20-%20Node/2CQR_RETAIL_API%20-%2002-04-2024/index.js:26:20
    at ModuleJob.run (node:internal/modules/esm/module_job:234:25)
    at async ModuleLoader.import (node:internal/modules/esm/loader:473:24)
    at async asyncRunEntryPointWithESMLoader (node:internal/modules/run_main:123:5)
2024-10-08 09:40:35 [error]: uncaughtException: path is not defined
ReferenceError: path is not defined
    at file:///C:/code/Retail_code/BackEnd%20-%20Node/2CQR_RETAIL_API%20-%2002-04-2024/index.js:28:36
    at ModuleJob.run (node:internal/modules/esm/module_job:234:25)
    at async ModuleLoader.import (node:internal/modules/esm/loader:473:24)
    at async asyncRunEntryPointWithESMLoader (node:internal/modules/run_main:123:5)
2024-10-08 09:41:09 [error]: uncaughtException: __dirname is not defined in ES module scope
This file is being treated as an ES module because it has a '.js' file extension and 'C:\code\Retail_code\BackEnd - Node\2CQR_RETAIL_API - 02-04-2024\package.json' contains "type": "module". To treat it as a CommonJS script, rename it to use the '.cjs' file extension.
ReferenceError: __dirname is not defined in ES module scope
This file is being treated as an ES module because it has a '.js' file extension and 'C:\code\Retail_code\BackEnd - Node\2CQR_RETAIL_API - 02-04-2024\package.json' contains "type": "module". To treat it as a CommonJS script, rename it to use the '.cjs' file extension.
    at file:///C:/code/Retail_code/BackEnd%20-%20Node/2CQR_RETAIL_API%20-%2002-04-2024/index.js:29:46
    at ModuleJob.run (node:internal/modules/esm/module_job:234:25)
    at async ModuleLoader.import (node:internal/modules/esm/loader:473:24)
    at async asyncRunEntryPointWithESMLoader (node:internal/modules/run_main:123:5)
2024-10-08 09:42:23 [error]: uncaughtException: __dirname is not defined in ES module scope
This file is being treated as an ES module because it has a '.js' file extension and 'C:\code\Retail_code\BackEnd - Node\2CQR_RETAIL_API - 02-04-2024\package.json' contains "type": "module". To treat it as a CommonJS script, rename it to use the '.cjs' file extension.
ReferenceError: __dirname is not defined in ES module scope
This file is being treated as an ES module because it has a '.js' file extension and 'C:\code\Retail_code\BackEnd - Node\2CQR_RETAIL_API - 02-04-2024\package.json' contains "type": "module". To treat it as a CommonJS script, rename it to use the '.cjs' file extension.
    at file:///C:/code/Retail_code/BackEnd%20-%20Node/2CQR_RETAIL_API%20-%2002-04-2024/index.js:27:20
    at ModuleJob.run (node:internal/modules/esm/module_job:234:25)
    at async ModuleLoader.import (node:internal/modules/esm/loader:473:24)
    at async asyncRunEntryPointWithESMLoader (node:internal/modules/run_main:123:5)
2024-10-08 09:42:35 [error]: uncaughtException: __dirname is not defined in ES module scope
This file is being treated as an ES module because it has a '.js' file extension and 'C:\code\Retail_code\BackEnd - Node\2CQR_RETAIL_API - 02-04-2024\package.json' contains "type": "module". To treat it as a CommonJS script, rename it to use the '.cjs' file extension.
ReferenceError: __dirname is not defined in ES module scope
This file is being treated as an ES module because it has a '.js' file extension and 'C:\code\Retail_code\BackEnd - Node\2CQR_RETAIL_API - 02-04-2024\package.json' contains "type": "module". To treat it as a CommonJS script, rename it to use the '.cjs' file extension.
    at file:///C:/code/Retail_code/BackEnd%20-%20Node/2CQR_RETAIL_API%20-%2002-04-2024/index.js:27:20
    at ModuleJob.run (node:internal/modules/esm/module_job:234:25)
    at async ModuleLoader.import (node:internal/modules/esm/loader:473:24)
    at async asyncRunEntryPointWithESMLoader (node:internal/modules/run_main:123:5)
2024-10-08 09:44:58 [error]: uncaughtException: __dirname is not defined in ES module scope
This file is being treated as an ES module because it has a '.js' file extension and 'C:\code\Retail_code\BackEnd - Node\2CQR_RETAIL_API - 02-04-2024\package.json' contains "type": "module". To treat it as a CommonJS script, rename it to use the '.cjs' file extension.
ReferenceError: __dirname is not defined in ES module scope
This file is being treated as an ES module because it has a '.js' file extension and 'C:\code\Retail_code\BackEnd - Node\2CQR_RETAIL_API - 02-04-2024\package.json' contains "type": "module". To treat it as a CommonJS script, rename it to use the '.cjs' file extension.
    at file:///C:/code/Retail_code/BackEnd%20-%20Node/2CQR_RETAIL_API%20-%2002-04-2024/index.js:28:20
    at ModuleJob.run (node:internal/modules/esm/module_job:234:25)
    at async ModuleLoader.import (node:internal/modules/esm/loader:473:24)
    at async asyncRunEntryPointWithESMLoader (node:internal/modules/run_main:123:5)
2024-10-08 09:45:18 [error]: uncaughtException: __dirname is not defined in ES module scope
This file is being treated as an ES module because it has a '.js' file extension and 'C:\code\Retail_code\BackEnd - Node\2CQR_RETAIL_API - 02-04-2024\package.json' contains "type": "module". To treat it as a CommonJS script, rename it to use the '.cjs' file extension.
ReferenceError: __dirname is not defined in ES module scope
This file is being treated as an ES module because it has a '.js' file extension and 'C:\code\Retail_code\BackEnd - Node\2CQR_RETAIL_API - 02-04-2024\package.json' contains "type": "module". To treat it as a CommonJS script, rename it to use the '.cjs' file extension.
    at file:///C:/code/Retail_code/BackEnd%20-%20Node/2CQR_RETAIL_API%20-%2002-04-2024/index.js:28:20
    at ModuleJob.run (node:internal/modules/esm/module_job:234:25)
    at async ModuleLoader.import (node:internal/modules/esm/loader:473:24)
    at async asyncRunEntryPointWithESMLoader (node:internal/modules/run_main:123:5)
2024-10-08 10:01:41 [error]: uncaughtException: __dirname is not defined in ES module scope
This file is being treated as an ES module because it has a '.js' file extension and 'C:\code\Retail_code\BackEnd - Node\2CQR_RETAIL_API - 02-04-2024\package.json' contains "type": "module". To treat it as a CommonJS script, rename it to use the '.cjs' file extension.
ReferenceError: __dirname is not defined in ES module scope
This file is being treated as an ES module because it has a '.js' file extension and 'C:\code\Retail_code\BackEnd - Node\2CQR_RETAIL_API - 02-04-2024\package.json' contains "type": "module". To treat it as a CommonJS script, rename it to use the '.cjs' file extension.
    at file:///C:/code/Retail_code/BackEnd%20-%20Node/2CQR_RETAIL_API%20-%2002-04-2024/index.js:26:20
    at ModuleJob.run (node:internal/modules/esm/module_job:234:25)
    at async ModuleLoader.import (node:internal/modules/esm/loader:473:24)
    at async asyncRunEntryPointWithESMLoader (node:internal/modules/run_main:123:5)
2024-10-08 10:05:25 [error]: uncaughtException: __dirname is not defined in ES module scope
This file is being treated as an ES module because it has a '.js' file extension and 'C:\code\Retail_code\BackEnd - Node\2CQR_RETAIL_API - 02-04-2024\package.json' contains "type": "module". To treat it as a CommonJS script, rename it to use the '.cjs' file extension.
ReferenceError: __dirname is not defined in ES module scope
This file is being treated as an ES module because it has a '.js' file extension and 'C:\code\Retail_code\BackEnd - Node\2CQR_RETAIL_API - 02-04-2024\package.json' contains "type": "module". To treat it as a CommonJS script, rename it to use the '.cjs' file extension.
    at file:///C:/code/Retail_code/BackEnd%20-%20Node/2CQR_RETAIL_API%20-%2002-04-2024/index.js:45:20
    at ModuleJob.run (node:internal/modules/esm/module_job:234:25)
    at async ModuleLoader.import (node:internal/modules/esm/loader:473:24)
    at async asyncRunEntryPointWithESMLoader (node:internal/modules/run_main:123:5)
2024-10-08 10:05:34 [error]: uncaughtException: __dirname is not defined in ES module scope
This file is being treated as an ES module because it has a '.js' file extension and 'C:\code\Retail_code\BackEnd - Node\2CQR_RETAIL_API - 02-04-2024\package.json' contains "type": "module". To treat it as a CommonJS script, rename it to use the '.cjs' file extension.
ReferenceError: __dirname is not defined in ES module scope
This file is being treated as an ES module because it has a '.js' file extension and 'C:\code\Retail_code\BackEnd - Node\2CQR_RETAIL_API - 02-04-2024\package.json' contains "type": "module". To treat it as a CommonJS script, rename it to use the '.cjs' file extension.
    at file:///C:/code/Retail_code/BackEnd%20-%20Node/2CQR_RETAIL_API%20-%2002-04-2024/index.js:45:20
    at ModuleJob.run (node:internal/modules/esm/module_job:234:25)
    at async ModuleLoader.import (node:internal/modules/esm/loader:473:24)
    at async asyncRunEntryPointWithESMLoader (node:internal/modules/run_main:123:5)
2024-10-08 10:05:50 [error]: uncaughtException: __dirname is not defined in ES module scope
This file is being treated as an ES module because it has a '.js' file extension and 'C:\code\Retail_code\BackEnd - Node\2CQR_RETAIL_API - 02-04-2024\package.json' contains "type": "module". To treat it as a CommonJS script, rename it to use the '.cjs' file extension.
ReferenceError: __dirname is not defined in ES module scope
This file is being treated as an ES module because it has a '.js' file extension and 'C:\code\Retail_code\BackEnd - Node\2CQR_RETAIL_API - 02-04-2024\package.json' contains "type": "module". To treat it as a CommonJS script, rename it to use the '.cjs' file extension.
    at file:///C:/code/Retail_code/BackEnd%20-%20Node/2CQR_RETAIL_API%20-%2002-04-2024/index.js:45:20
    at ModuleJob.run (node:internal/modules/esm/module_job:234:25)
    at async ModuleLoader.import (node:internal/modules/esm/loader:473:24)
    at async asyncRunEntryPointWithESMLoader (node:internal/modules/run_main:123:5)
2024-10-08 10:06:40 [error]: uncaughtException: session is not defined
ReferenceError: session is not defined
    at file:///C:/code/Retail_code/BackEnd%20-%20Node/2CQR_RETAIL_API%20-%2002-04-2024/index.js:31:5
    at ModuleJob.run (node:internal/modules/esm/module_job:234:25)
    at async ModuleLoader.import (node:internal/modules/esm/loader:473:24)
    at async asyncRunEntryPointWithESMLoader (node:internal/modules/run_main:123:5)
2024-10-08 10:07:15 [error]: uncaughtException: session is not defined
ReferenceError: session is not defined
    at file:///C:/code/Retail_code/BackEnd%20-%20Node/2CQR_RETAIL_API%20-%2002-04-2024/index.js:31:5
    at ModuleJob.run (node:internal/modules/esm/module_job:234:25)
    at async ModuleLoader.import (node:internal/modules/esm/loader:473:24)
    at async asyncRunEntryPointWithESMLoader (node:internal/modules/run_main:123:5)
2024-10-08 10:09:30 [error]: uncaughtException: __dirname is not defined in ES module scope
This file is being treated as an ES module because it has a '.js' file extension and 'C:\code\Retail_code\BackEnd - Node\2CQR_RETAIL_API - 02-04-2024\package.json' contains "type": "module". To treat it as a CommonJS script, rename it to use the '.cjs' file extension.
ReferenceError: __dirname is not defined in ES module scope
This file is being treated as an ES module because it has a '.js' file extension and 'C:\code\Retail_code\BackEnd - Node\2CQR_RETAIL_API - 02-04-2024\package.json' contains "type": "module". To treat it as a CommonJS script, rename it to use the '.cjs' file extension.
    at file:///C:/code/Retail_code/BackEnd%20-%20Node/2CQR_RETAIL_API%20-%2002-04-2024/index.js:52:20
    at ModuleJob.run (node:internal/modules/esm/module_job:234:25)
    at async ModuleLoader.import (node:internal/modules/esm/loader:473:24)
    at async asyncRunEntryPointWithESMLoader (node:internal/modules/run_main:123:5)
2024-10-08 10:11:16 [error]: uncaughtException: __dirname is not defined in ES module scope
This file is being treated as an ES module because it has a '.js' file extension and 'C:\code\Retail_code\BackEnd - Node\2CQR_RETAIL_API - 02-04-2024\package.json' contains "type": "module". To treat it as a CommonJS script, rename it to use the '.cjs' file extension.
ReferenceError: __dirname is not defined in ES module scope
This file is being treated as an ES module because it has a '.js' file extension and 'C:\code\Retail_code\BackEnd - Node\2CQR_RETAIL_API - 02-04-2024\package.json' contains "type": "module". To treat it as a CommonJS script, rename it to use the '.cjs' file extension.
    at file:///C:/code/Retail_code/BackEnd%20-%20Node/2CQR_RETAIL_API%20-%2002-04-2024/index.js:47:20
    at ModuleJob.run (node:internal/modules/esm/module_job:234:25)
    at async ModuleLoader.import (node:internal/modules/esm/loader:473:24)
    at async asyncRunEntryPointWithESMLoader (node:internal/modules/run_main:123:5)
2024-10-08 10:17:09 [error]: uncaughtException: __dirname is not defined in ES module scope
This file is being treated as an ES module because it has a '.js' file extension and 'C:\code\Retail_code\BackEnd - Node\2CQR_RETAIL_API - 02-04-2024\package.json' contains "type": "module". To treat it as a CommonJS script, rename it to use the '.cjs' file extension.
ReferenceError: __dirname is not defined in ES module scope
This file is being treated as an ES module because it has a '.js' file extension and 'C:\code\Retail_code\BackEnd - Node\2CQR_RETAIL_API - 02-04-2024\package.json' contains "type": "module". To treat it as a CommonJS script, rename it to use the '.cjs' file extension.
    at file:///C:/code/Retail_code/BackEnd%20-%20Node/2CQR_RETAIL_API%20-%2002-04-2024/index.js:43:20
    at ModuleJob.run (node:internal/modules/esm/module_job:234:25)
    at async ModuleLoader.import (node:internal/modules/esm/loader:473:24)
    at async asyncRunEntryPointWithESMLoader (node:internal/modules/run_main:123:5)
2024-10-08 10:19:23 [error]: uncaughtException: __dirname is not defined in ES module scope
This file is being treated as an ES module because it has a '.js' file extension and 'C:\code\Retail_code\BackEnd - Node\2CQR_RETAIL_API - 02-04-2024\package.json' contains "type": "module". To treat it as a CommonJS script, rename it to use the '.cjs' file extension.
ReferenceError: __dirname is not defined in ES module scope
This file is being treated as an ES module because it has a '.js' file extension and 'C:\code\Retail_code\BackEnd - Node\2CQR_RETAIL_API - 02-04-2024\package.json' contains "type": "module". To treat it as a CommonJS script, rename it to use the '.cjs' file extension.
    at file:///C:/code/Retail_code/BackEnd%20-%20Node/2CQR_RETAIL_API%20-%2002-04-2024/index.js:43:20
    at ModuleJob.run (node:internal/modules/esm/module_job:234:25)
    at async ModuleLoader.import (node:internal/modules/esm/loader:473:24)
    at async asyncRunEntryPointWithESMLoader (node:internal/modules/run_main:123:5)
2024-10-08 10:19:26 [error]: uncaughtException: __dirname is not defined in ES module scope
This file is being treated as an ES module because it has a '.js' file extension and 'C:\code\Retail_code\BackEnd - Node\2CQR_RETAIL_API - 02-04-2024\package.json' contains "type": "module". To treat it as a CommonJS script, rename it to use the '.cjs' file extension.
ReferenceError: __dirname is not defined in ES module scope
This file is being treated as an ES module because it has a '.js' file extension and 'C:\code\Retail_code\BackEnd - Node\2CQR_RETAIL_API - 02-04-2024\package.json' contains "type": "module". To treat it as a CommonJS script, rename it to use the '.cjs' file extension.
    at file:///C:/code/Retail_code/BackEnd%20-%20Node/2CQR_RETAIL_API%20-%2002-04-2024/index.js:43:20
    at ModuleJob.run (node:internal/modules/esm/module_job:234:25)
    at async ModuleLoader.import (node:internal/modules/esm/loader:473:24)
    at async asyncRunEntryPointWithESMLoader (node:internal/modules/run_main:123:5)
2024-10-08 10:24:59 [error]: uncaughtException: ghjjghg is not defined
ReferenceError: ghjjghg is not defined
    at file:///C:/code/Retail_code/BackEnd%20-%20Node/2CQR_RETAIL_API%20-%2002-04-2024/index.js:13:1
    at ModuleJob.run (node:internal/modules/esm/module_job:234:25)
    at async ModuleLoader.import (node:internal/modules/esm/loader:473:24)
    at async asyncRunEntryPointWithESMLoader (node:internal/modules/run_main:123:5)
2024-10-08 10:25:39 [error]: uncaughtException: khkjk is not defined
ReferenceError: khkjk is not defined
    at file:///C:/code/Retail_code/BackEnd%20-%20Node/2CQR_RETAIL_API%20-%2002-04-2024/index.js:13:1
    at ModuleJob.run (node:internal/modules/esm/module_job:234:25)
    at async ModuleLoader.import (node:internal/modules/esm/loader:473:24)
    at async asyncRunEntryPointWithESMLoader (node:internal/modules/run_main:123:5)
2024-10-08 10:26:07 [error]: uncaughtException: jjk is not defined
ReferenceError: jjk is not defined
    at file:///C:/code/Retail_code/BackEnd%20-%20Node/2CQR_RETAIL_API%20-%2002-04-2024/index.js:13:1
    at ModuleJob.run (node:internal/modules/esm/module_job:234:25)
    at async ModuleLoader.import (node:internal/modules/esm/loader:473:24)
    at async asyncRunEntryPointWithESMLoader (node:internal/modules/run_main:123:5)
2024-10-08 10:26:47 [error]: uncaughtException: hkk is not defined
ReferenceError: hkk is not defined
    at file:///C:/code/Retail_code/BackEnd%20-%20Node/2CQR_RETAIL_API%20-%2002-04-2024/index.js:13:1
    at ModuleJob.run (node:internal/modules/esm/module_job:234:25)
    at async ModuleLoader.import (node:internal/modules/esm/loader:473:24)
    at async asyncRunEntryPointWithESMLoader (node:internal/modules/run_main:123:5)
2024-10-08 10:28:46 [error]: uncaughtException: kghj is not defined
ReferenceError: kghj is not defined
    at file:///C:/code/Retail_code/BackEnd%20-%20Node/2CQR_RETAIL_API%20-%2002-04-2024/index.js:13:1
    at ModuleJob.run (node:internal/modules/esm/module_job:234:25)
    at async ModuleLoader.import (node:internal/modules/esm/loader:473:24)
    at async asyncRunEntryPointWithESMLoader (node:internal/modules/run_main:123:5)
2024-10-08 10:29:24 [error]: uncaughtException: ssss is not defined
ReferenceError: ssss is not defined
    at file:///C:/code/Retail_code/BackEnd%20-%20Node/2CQR_RETAIL_API%20-%2002-04-2024/index.js:13:1
    at ModuleJob.run (node:internal/modules/esm/module_job:234:25)
    at async ModuleLoader.import (node:internal/modules/esm/loader:473:24)
    at async asyncRunEntryPointWithESMLoader (node:internal/modules/run_main:123:5)
2024-10-08 10:29:48 [error]: uncaughtException: ljlj is not defined
ReferenceError: ljlj is not defined
    at file:///C:/code/Retail_code/BackEnd%20-%20Node/2CQR_RETAIL_API%20-%2002-04-2024/index.js:77:1
    at ModuleJob.run (node:internal/modules/esm/module_job:234:25)
    at async ModuleLoader.import (node:internal/modules/esm/loader:473:24)
    at async asyncRunEntryPointWithESMLoader (node:internal/modules/run_main:123:5)
2024-10-08 10:48:50 [error]: uncaughtException: path is not defined
ReferenceError: path is not defined
    at file:///C:/code/Retail_code/BackEnd%20-%20Node/2CQR_RETAIL_API%20-%2002-04-2024/index.js:33:36
    at ModuleJob.run (node:internal/modules/esm/module_job:234:25)
    at async ModuleLoader.import (node:internal/modules/esm/loader:473:24)
    at async asyncRunEntryPointWithESMLoader (node:internal/modules/run_main:123:5)
2024-10-08 11:33:17 [error]: uncaughtException: ENOENT: no such file or directory, rename 'C:\code\Retail_code\BackEnd - Node\2CQR_RETAIL_API - 02-04-2024\uploads\15549fad5818dc2af8fab3efdf314803' -> 'C:\code\Retail_code\BackEnd - Node\2CQR_RETAIL_API - 02-04-2024\uploads\product\image\1461\15549fad5818dc2af8fab3efdf314803.jpeg'
Error: ENOENT: no such file or directory, rename 'C:\code\Retail_code\BackEnd - Node\2CQR_RETAIL_API - 02-04-2024\uploads\15549fad5818dc2af8fab3efdf314803' -> 'C:\code\Retail_code\BackEnd - Node\2CQR_RETAIL_API - 02-04-2024\uploads\product\image\1461\15549fad5818dc2af8fab3efdf314803.jpeg'
2024-10-08 11:38:24 [error]: uncaughtException: ENOENT: no such file or directory, rename 'C:\code\Retail_code\BackEnd - Node\2CQR_RETAIL_API - 02-04-2024\uploads\3f71ff502ee40b52346e05fa8f220071' -> 'C:\code\Retail_code\BackEnd - Node\2CQR_RETAIL_API - 02-04-2024\uploads\product\image\1472\3f71ff502ee40b52346e05fa8f220071.jpeg'
Error: ENOENT: no such file or directory, rename 'C:\code\Retail_code\BackEnd - Node\2CQR_RETAIL_API - 02-04-2024\uploads\3f71ff502ee40b52346e05fa8f220071' -> 'C:\code\Retail_code\BackEnd - Node\2CQR_RETAIL_API - 02-04-2024\uploads\product\image\1472\3f71ff502ee40b52346e05fa8f220071.jpeg'
2024-10-08 11:58:27 [error]: uncaughtException: ENOENT: no such file or directory, rename 'C:\code\Retail_code\BackEnd - Node\2CQR_RETAIL_API - 02-04-2024\uploads\877f1f95052b992b66016330bc080e33' -> 'C:\code\Retail_code\BackEnd - Node\2CQR_RETAIL_API - 02-04-2024\uploads\product\image\151\2\877f1f95052b992b66016330bc080e33.jpeg'
Error: ENOENT: no such file or directory, rename 'C:\code\Retail_code\BackEnd - Node\2CQR_RETAIL_API - 02-04-2024\uploads\877f1f95052b992b66016330bc080e33' -> 'C:\code\Retail_code\BackEnd - Node\2CQR_RETAIL_API - 02-04-2024\uploads\product\image\151\2\877f1f95052b992b66016330bc080e33.jpeg'
2024-10-08 12:36:50 [error]: uncaughtException: ENOENT: no such file or directory, rename 'C:\code\Retail_code\BackEnd - Node\2CQR_RETAIL_API - 02-04-2024\uploads\4ff8b2c4fac72fe00d65ddab0b4a87ec' -> 'C:\code\Retail_code\BackEnd - Node\2CQR_RETAIL_API - 02-04-2024\uploads\product\image\152\2\4ff8b2c4fac72fe00d65ddab0b4a87ec.jpeg'
Error: ENOENT: no such file or directory, rename 'C:\code\Retail_code\BackEnd - Node\2CQR_RETAIL_API - 02-04-2024\uploads\4ff8b2c4fac72fe00d65ddab0b4a87ec' -> 'C:\code\Retail_code\BackEnd - Node\2CQR_RETAIL_API - 02-04-2024\uploads\product\image\152\2\4ff8b2c4fac72fe00d65ddab0b4a87ec.jpeg'
2024-10-08 12:41:27 [error]: uncaughtException: ENOENT: no such file or directory, rename 'C:\code\Retail_code\BackEnd - Node\2CQR_RETAIL_API - 02-04-2024\uploads\90292e9368263a25bf4f739462335b72' -> 'C:\code\Retail_code\BackEnd - Node\2CQR_RETAIL_API - 02-04-2024\uploads\product\image\154\2\90292e9368263a25bf4f739462335b72.jpeg'
Error: ENOENT: no such file or directory, rename 'C:\code\Retail_code\BackEnd - Node\2CQR_RETAIL_API - 02-04-2024\uploads\90292e9368263a25bf4f739462335b72' -> 'C:\code\Retail_code\BackEnd - Node\2CQR_RETAIL_API - 02-04-2024\uploads\product\image\154\2\90292e9368263a25bf4f739462335b72.jpeg'
2024-10-08 12:43:08 [error]: uncaughtException: ENOENT: no such file or directory, rename 'C:\code\Retail_code\BackEnd - Node\2CQR_RETAIL_API - 02-04-2024\uploads\718b6bf2917ead97c4bd2e6d99eb2359' -> 'C:\code\Retail_code\BackEnd - Node\2CQR_RETAIL_API - 02-04-2024\uploads\product\image\156\2\718b6bf2917ead97c4bd2e6d99eb2359.jpeg'
Error: ENOENT: no such file or directory, rename 'C:\code\Retail_code\BackEnd - Node\2CQR_RETAIL_API - 02-04-2024\uploads\718b6bf2917ead97c4bd2e6d99eb2359' -> 'C:\code\Retail_code\BackEnd - Node\2CQR_RETAIL_API - 02-04-2024\uploads\product\image\156\2\718b6bf2917ead97c4bd2e6d99eb2359.jpeg'
2024-10-08 12:44:17 [error]: uncaughtException: ENOENT: no such file or directory, rename 'C:\code\Retail_code\BackEnd - Node\2CQR_RETAIL_API - 02-04-2024\uploads\45c175737b725d93a69a4283593c6436' -> 'C:\code\Retail_code\BackEnd - Node\2CQR_RETAIL_API - 02-04-2024\uploads\product\image\157\2\45c175737b725d93a69a4283593c6436.jpeg'
Error: ENOENT: no such file or directory, rename 'C:\code\Retail_code\BackEnd - Node\2CQR_RETAIL_API - 02-04-2024\uploads\45c175737b725d93a69a4283593c6436' -> 'C:\code\Retail_code\BackEnd - Node\2CQR_RETAIL_API - 02-04-2024\uploads\product\image\157\2\45c175737b725d93a69a4283593c6436.jpeg'
2024-10-08 12:46:12 [error]: uncaughtException: ENOENT: no such file or directory, rename 'C:\code\Retail_code\BackEnd - Node\2CQR_RETAIL_API - 02-04-2024\uploads\8f81b78e64e6967b9387a633f51ecc2f' -> 'C:\code\Retail_code\BackEnd - Node\2CQR_RETAIL_API - 02-04-2024\uploads\product\image\158\2\8f81b78e64e6967b9387a633f51ecc2f'
Error: ENOENT: no such file or directory, rename 'C:\code\Retail_code\BackEnd - Node\2CQR_RETAIL_API - 02-04-2024\uploads\8f81b78e64e6967b9387a633f51ecc2f' -> 'C:\code\Retail_code\BackEnd - Node\2CQR_RETAIL_API - 02-04-2024\uploads\product\image\158\2\8f81b78e64e6967b9387a633f51ecc2f'
2024-10-08 12:57:38 [error]: uncaughtException: ENOENT: no such file or directory, rename 'C:\code\Retail_code\BackEnd - Node\2CQR_RETAIL_API - 02-04-2024\uploads\4a6961b60d56285474871c522fa2a7f4' -> 'C:\code\Retail_code\BackEnd - Node\2CQR_RETAIL_API - 02-04-2024\uploads\product\image\768\2\4a6961b60d56285474871c522fa2a7f4.jpeg'
Error: ENOENT: no such file or directory, rename 'C:\code\Retail_code\BackEnd - Node\2CQR_RETAIL_API - 02-04-2024\uploads\4a6961b60d56285474871c522fa2a7f4' -> 'C:\code\Retail_code\BackEnd - Node\2CQR_RETAIL_API - 02-04-2024\uploads\product\image\768\2\4a6961b60d56285474871c522fa2a7f4.jpeg'
2024-10-08 12:59:07 [error]: uncaughtException: ENOENT: no such file or directory, rename 'C:\code\Retail_code\BackEnd - Node\2CQR_RETAIL_API - 02-04-2024\uploads\7c0dae85e19dc03f3b696f0250120ce6' -> 'C:\code\Retail_code\BackEnd - Node\2CQR_RETAIL_API - 02-04-2024\uploads\product\image\768\2\7c0dae85e19dc03f3b696f0250120ce6.jpeg'
Error: ENOENT: no such file or directory, rename 'C:\code\Retail_code\BackEnd - Node\2CQR_RETAIL_API - 02-04-2024\uploads\7c0dae85e19dc03f3b696f0250120ce6' -> 'C:\code\Retail_code\BackEnd - Node\2CQR_RETAIL_API - 02-04-2024\uploads\product\image\768\2\7c0dae85e19dc03f3b696f0250120ce6.jpeg'
2024-10-08 13:00:52 [error]: uncaughtException: ENOENT: no such file or directory, rename 'C:\code\Retail_code\BackEnd - Node\2CQR_RETAIL_API - 02-04-2024\uploads\099335cb6614a65fbd38a445f5b7084b' -> 'C:\code\Retail_code\BackEnd - Node\2CQR_RETAIL_API - 02-04-2024\uploads\product\image\768\2\099335cb6614a65fbd38a445f5b7084b.jpeg'
Error: ENOENT: no such file or directory, rename 'C:\code\Retail_code\BackEnd - Node\2CQR_RETAIL_API - 02-04-2024\uploads\099335cb6614a65fbd38a445f5b7084b' -> 'C:\code\Retail_code\BackEnd - Node\2CQR_RETAIL_API - 02-04-2024\uploads\product\image\768\2\099335cb6614a65fbd38a445f5b7084b.jpeg'
2024-10-08 13:02:36 [error]: uncaughtException: ENOENT: no such file or directory, rename 'C:\code\Retail_code\BackEnd - Node\2CQR_RETAIL_API - 02-04-2024\uploads\3a8a86e07270267feec9f40ec35b16b3' -> 'C:\code\Retail_code\BackEnd - Node\2CQR_RETAIL_API - 02-04-2024\uploads\product\image\768\2\3a8a86e07270267feec9f40ec35b16b3.jpeg'
Error: ENOENT: no such file or directory, rename 'C:\code\Retail_code\BackEnd - Node\2CQR_RETAIL_API - 02-04-2024\uploads\3a8a86e07270267feec9f40ec35b16b3' -> 'C:\code\Retail_code\BackEnd - Node\2CQR_RETAIL_API - 02-04-2024\uploads\product\image\768\2\3a8a86e07270267feec9f40ec35b16b3.jpeg'
2024-10-08 13:03:31 [error]: uncaughtException: ENOENT: no such file or directory, rename 'C:\code\Retail_code\BackEnd - Node\2CQR_RETAIL_API - 02-04-2024\uploads\e7688a7c8e8432858ccbd6906c135611' -> 'C:\code\Retail_code\BackEnd - Node\2CQR_RETAIL_API - 02-04-2024\uploads\product\image\768\2\e7688a7c8e8432858ccbd6906c135611.jpeg'
Error: ENOENT: no such file or directory, rename 'C:\code\Retail_code\BackEnd - Node\2CQR_RETAIL_API - 02-04-2024\uploads\e7688a7c8e8432858ccbd6906c135611' -> 'C:\code\Retail_code\BackEnd - Node\2CQR_RETAIL_API - 02-04-2024\uploads\product\image\768\2\e7688a7c8e8432858ccbd6906c135611.jpeg'
2024-10-08 13:04:45 [error]: uncaughtException: ENOENT: no such file or directory, rename 'C:\code\Retail_code\BackEnd - Node\2CQR_RETAIL_API - 02-04-2024\uploads\59ce0da915bef5da382b33cf759bfbe5' -> 'C:\code\Retail_code\BackEnd - Node\2CQR_RETAIL_API - 02-04-2024\uploads\product\image\768\2\59ce0da915bef5da382b33cf759bfbe5.jpeg'
Error: ENOENT: no such file or directory, rename 'C:\code\Retail_code\BackEnd - Node\2CQR_RETAIL_API - 02-04-2024\uploads\59ce0da915bef5da382b33cf759bfbe5' -> 'C:\code\Retail_code\BackEnd - Node\2CQR_RETAIL_API - 02-04-2024\uploads\product\image\768\2\59ce0da915bef5da382b33cf759bfbe5.jpeg'
2024-10-09 12:06:02 [error]: uncaughtException: getInitAddProductDetails34 is not defined
ReferenceError: getInitAddProductDetails34 is not defined
    at file:///D:/code/Retail_code/BackEnd%20-%20Node/LOCAL_RETAIL_API%20-%2002-04-2024/routes/v1/ProductsRoutes.js:37:43
    at ModuleJob.run (node:internal/modules/esm/module_job:234:25)
    at async ModuleLoader.import (node:internal/modules/esm/loader:473:24)
    at async asyncRunEntryPointWithESMLoader (node:internal/modules/run_main:123:5)
2024-10-10 14:26:32 [error]: uncaughtException: require is not defined in ES module scope, you can use import instead
This file is being treated as an ES module because it has a '.js' file extension and 'D:\code\Retail_code\BackEnd - Node\LOCAL_RETAIL_API - 02-04-2024\package.json' contains "type": "module". To treat it as a CommonJS script, rename it to use the '.cjs' file extension.
ReferenceError: require is not defined in ES module scope, you can use import instead
This file is being treated as an ES module because it has a '.js' file extension and 'D:\code\Retail_code\BackEnd - Node\LOCAL_RETAIL_API - 02-04-2024\package.json' contains "type": "module". To treat it as a CommonJS script, rename it to use the '.cjs' file extension.
    at file:///D:/code/Retail_code/BackEnd%20-%20Node/LOCAL_RETAIL_API%20-%2002-04-2024/controllers/Products/Product.js:20:14
    at ModuleJob.run (node:internal/modules/esm/module_job:234:25)
    at async ModuleLoader.import (node:internal/modules/esm/loader:473:24)
    at async asyncRunEntryPointWithESMLoader (node:internal/modules/run_main:123:5)
2024-10-14 10:55:26 [error]: uncaughtException: require is not defined in ES module scope, you can use import instead
This file is being treated as an ES module because it has a '.js' file extension and 'D:\code\Retail_code\BackEnd - Node\LOCAL_RETAIL_API - 02-04-2024\package.json' contains "type": "module". To treat it as a CommonJS script, rename it to use the '.cjs' file extension.
ReferenceError: require is not defined in ES module scope, you can use import instead
This file is being treated as an ES module because it has a '.js' file extension and 'D:\code\Retail_code\BackEnd - Node\LOCAL_RETAIL_API - 02-04-2024\package.json' contains "type": "module". To treat it as a CommonJS script, rename it to use the '.cjs' file extension.
    at file:///D:/code/Retail_code/BackEnd%20-%20Node/LOCAL_RETAIL_API%20-%2002-04-2024/controllers/Products/Product.js:16:19
    at ModuleJob.run (node:internal/modules/esm/module_job:234:25)
    at async ModuleLoader.import (node:internal/modules/esm/loader:473:24)
    at async asyncRunEntryPointWithESMLoader (node:internal/modules/run_main:123:5)
2024-10-14 11:48:21 [error]: uncaughtException: No element found for selector: .search-box__input
Error: No element found for selector: .search-box__input
    at assert (file:///D:/code/Retail_code/BackEnd%20-%20Node/LOCAL_RETAIL_API%20-%2002-04-2024/node_modules/puppeteer-core/lib/esm/puppeteer/util/assert.js:15:15)
    at CdpFrame.type (file:///D:/code/Retail_code/BackEnd%20-%20Node/LOCAL_RETAIL_API%20-%2002-04-2024/node_modules/puppeteer-core/lib/esm/puppeteer/api/Frame.js:863:17)
    at async file:///D:/code/Retail_code/BackEnd%20-%20Node/LOCAL_RETAIL_API%20-%2002-04-2024/controllers/Products/Product.js:924:17
2024-10-14 12:12:53 [error]: uncaughtException: Timed out after waiting 30000ms
TimeoutError: Timed out after waiting 30000ms
    at file:///D:/code/Retail_code/BackEnd%20-%20Node/LOCAL_RETAIL_API%20-%2002-04-2024/node_modules/puppeteer-core/lib/esm/puppeteer/common/util.js:235:19
    at file:///D:/code/Retail_code/BackEnd%20-%20Node/LOCAL_RETAIL_API%20-%2002-04-2024/node_modules/puppeteer-core/lib/esm/third_party/rxjs/rxjs.js:1936:31
    at OperatorSubscriber2._this._next (file:///D:/code/Retail_code/BackEnd%20-%20Node/LOCAL_RETAIL_API%20-%2002-04-2024/node_modules/puppeteer-core/lib/esm/third_party/rxjs/rxjs.js:993:9)
    at Subscriber2.next (file:///D:/code/Retail_code/BackEnd%20-%20Node/LOCAL_RETAIL_API%20-%2002-04-2024/node_modules/puppeteer-core/lib/esm/third_party/rxjs/rxjs.js:696:12)
    at AsyncAction2.<anonymous> (file:///D:/code/Retail_code/BackEnd%20-%20Node/LOCAL_RETAIL_API%20-%2002-04-2024/node_modules/puppeteer-core/lib/esm/third_party/rxjs/rxjs.js:2280:20)
    at AsyncAction2._execute (file:///D:/code/Retail_code/BackEnd%20-%20Node/LOCAL_RETAIL_API%20-%2002-04-2024/node_modules/puppeteer-core/lib/esm/third_party/rxjs/rxjs.js:1360:12)
    at AsyncAction2.execute (file:///D:/code/Retail_code/BackEnd%20-%20Node/LOCAL_RETAIL_API%20-%2002-04-2024/node_modules/puppeteer-core/lib/esm/third_party/rxjs/rxjs.js:1349:22)
    at AsyncScheduler2.flush (file:///D:/code/Retail_code/BackEnd%20-%20Node/LOCAL_RETAIL_API%20-%2002-04-2024/node_modules/puppeteer-core/lib/esm/third_party/rxjs/rxjs.js:1427:26)
    at listOnTimeout (node:internal/timers:581:17)
    at process.processTimers (node:internal/timers:519:7)
2024-10-14 12:27:47 [error]: uncaughtException: Timed out after waiting 3000ms
TimeoutError: Timed out after waiting 3000ms
    at file:///D:/code/Retail_code/BackEnd%20-%20Node/LOCAL_RETAIL_API%20-%2002-04-2024/node_modules/puppeteer-core/lib/esm/puppeteer/common/util.js:235:19
    at file:///D:/code/Retail_code/BackEnd%20-%20Node/LOCAL_RETAIL_API%20-%2002-04-2024/node_modules/puppeteer-core/lib/esm/third_party/rxjs/rxjs.js:1936:31
    at OperatorSubscriber2._this._next (file:///D:/code/Retail_code/BackEnd%20-%20Node/LOCAL_RETAIL_API%20-%2002-04-2024/node_modules/puppeteer-core/lib/esm/third_party/rxjs/rxjs.js:993:9)
    at Subscriber2.next (file:///D:/code/Retail_code/BackEnd%20-%20Node/LOCAL_RETAIL_API%20-%2002-04-2024/node_modules/puppeteer-core/lib/esm/third_party/rxjs/rxjs.js:696:12)
    at AsyncAction2.<anonymous> (file:///D:/code/Retail_code/BackEnd%20-%20Node/LOCAL_RETAIL_API%20-%2002-04-2024/node_modules/puppeteer-core/lib/esm/third_party/rxjs/rxjs.js:2280:20)
    at AsyncAction2._execute (file:///D:/code/Retail_code/BackEnd%20-%20Node/LOCAL_RETAIL_API%20-%2002-04-2024/node_modules/puppeteer-core/lib/esm/third_party/rxjs/rxjs.js:1360:12)
    at AsyncAction2.execute (file:///D:/code/Retail_code/BackEnd%20-%20Node/LOCAL_RETAIL_API%20-%2002-04-2024/node_modules/puppeteer-core/lib/esm/third_party/rxjs/rxjs.js:1349:22)
    at AsyncScheduler2.flush (file:///D:/code/Retail_code/BackEnd%20-%20Node/LOCAL_RETAIL_API%20-%2002-04-2024/node_modules/puppeteer-core/lib/esm/third_party/rxjs/rxjs.js:1427:26)
    at listOnTimeout (node:internal/timers:581:17)
    at process.processTimers (node:internal/timers:519:7)
2024-10-14 12:28:54 [error]: uncaughtException: Timed out after waiting 3000ms
TimeoutError: Timed out after waiting 3000ms
    at file:///D:/code/Retail_code/BackEnd%20-%20Node/LOCAL_RETAIL_API%20-%2002-04-2024/node_modules/puppeteer-core/lib/esm/puppeteer/common/util.js:235:19
    at file:///D:/code/Retail_code/BackEnd%20-%20Node/LOCAL_RETAIL_API%20-%2002-04-2024/node_modules/puppeteer-core/lib/esm/third_party/rxjs/rxjs.js:1936:31
    at OperatorSubscriber2._this._next (file:///D:/code/Retail_code/BackEnd%20-%20Node/LOCAL_RETAIL_API%20-%2002-04-2024/node_modules/puppeteer-core/lib/esm/third_party/rxjs/rxjs.js:993:9)
    at Subscriber2.next (file:///D:/code/Retail_code/BackEnd%20-%20Node/LOCAL_RETAIL_API%20-%2002-04-2024/node_modules/puppeteer-core/lib/esm/third_party/rxjs/rxjs.js:696:12)
    at AsyncAction2.<anonymous> (file:///D:/code/Retail_code/BackEnd%20-%20Node/LOCAL_RETAIL_API%20-%2002-04-2024/node_modules/puppeteer-core/lib/esm/third_party/rxjs/rxjs.js:2280:20)
    at AsyncAction2._execute (file:///D:/code/Retail_code/BackEnd%20-%20Node/LOCAL_RETAIL_API%20-%2002-04-2024/node_modules/puppeteer-core/lib/esm/third_party/rxjs/rxjs.js:1360:12)
    at AsyncAction2.execute (file:///D:/code/Retail_code/BackEnd%20-%20Node/LOCAL_RETAIL_API%20-%2002-04-2024/node_modules/puppeteer-core/lib/esm/third_party/rxjs/rxjs.js:1349:22)
    at AsyncScheduler2.flush (file:///D:/code/Retail_code/BackEnd%20-%20Node/LOCAL_RETAIL_API%20-%2002-04-2024/node_modules/puppeteer-core/lib/esm/third_party/rxjs/rxjs.js:1427:26)
    at listOnTimeout (node:internal/timers:581:17)
    at process.processTimers (node:internal/timers:519:7)
2024-10-14 12:29:17 [error]: uncaughtException: Timed out after waiting 3000ms
TimeoutError: Timed out after waiting 3000ms
    at file:///D:/code/Retail_code/BackEnd%20-%20Node/LOCAL_RETAIL_API%20-%2002-04-2024/node_modules/puppeteer-core/lib/esm/puppeteer/common/util.js:235:19
    at file:///D:/code/Retail_code/BackEnd%20-%20Node/LOCAL_RETAIL_API%20-%2002-04-2024/node_modules/puppeteer-core/lib/esm/third_party/rxjs/rxjs.js:1936:31
    at OperatorSubscriber2._this._next (file:///D:/code/Retail_code/BackEnd%20-%20Node/LOCAL_RETAIL_API%20-%2002-04-2024/node_modules/puppeteer-core/lib/esm/third_party/rxjs/rxjs.js:993:9)
    at Subscriber2.next (file:///D:/code/Retail_code/BackEnd%20-%20Node/LOCAL_RETAIL_API%20-%2002-04-2024/node_modules/puppeteer-core/lib/esm/third_party/rxjs/rxjs.js:696:12)
    at AsyncAction2.<anonymous> (file:///D:/code/Retail_code/BackEnd%20-%20Node/LOCAL_RETAIL_API%20-%2002-04-2024/node_modules/puppeteer-core/lib/esm/third_party/rxjs/rxjs.js:2280:20)
    at AsyncAction2._execute (file:///D:/code/Retail_code/BackEnd%20-%20Node/LOCAL_RETAIL_API%20-%2002-04-2024/node_modules/puppeteer-core/lib/esm/third_party/rxjs/rxjs.js:1360:12)
    at AsyncAction2.execute (file:///D:/code/Retail_code/BackEnd%20-%20Node/LOCAL_RETAIL_API%20-%2002-04-2024/node_modules/puppeteer-core/lib/esm/third_party/rxjs/rxjs.js:1349:22)
    at AsyncScheduler2.flush (file:///D:/code/Retail_code/BackEnd%20-%20Node/LOCAL_RETAIL_API%20-%2002-04-2024/node_modules/puppeteer-core/lib/esm/third_party/rxjs/rxjs.js:1427:26)
    at listOnTimeout (node:internal/timers:581:17)
    at process.processTimers (node:internal/timers:519:7)
2024-10-14 14:06:40 [error]: uncaughtException: "[object Object]" is not valid JSON
SyntaxError: "[object Object]" is not valid JSON
    at JSON.parse (<anonymous>)
    at Timeout._onTimeout (file:///D:/code/Retail_code/BackEnd%20-%20Node/LOCAL_RETAIL_API%20-%2002-04-2024/controllers/Products/Product.js:376:34)
    at listOnTimeout (node:internal/timers:581:17)
    at process.processTimers (node:internal/timers:519:7)
2024-10-14 14:08:18 [error]: uncaughtException: "[object Object]" is not valid JSON
SyntaxError: "[object Object]" is not valid JSON
    at JSON.parse (<anonymous>)
    at Timeout._onTimeout (file:///D:/code/Retail_code/BackEnd%20-%20Node/LOCAL_RETAIL_API%20-%2002-04-2024/controllers/Products/Product.js:378:34)
    at listOnTimeout (node:internal/timers:581:17)
    at process.processTimers (node:internal/timers:519:7)
2024-10-14 14:08:42 [error]: uncaughtException: "[object Object]" is not valid JSON
SyntaxError: "[object Object]" is not valid JSON
    at JSON.parse (<anonymous>)
    at Timeout._onTimeout (file:///D:/code/Retail_code/BackEnd%20-%20Node/LOCAL_RETAIL_API%20-%2002-04-2024/controllers/Products/Product.js:378:34)
    at listOnTimeout (node:internal/timers:581:17)
    at process.processTimers (node:internal/timers:519:7)
2024-10-14 14:19:42 [error]: uncaughtException: "[object Object]" is not valid JSON
SyntaxError: "[object Object]" is not valid JSON
    at JSON.parse (<anonymous>)
    at Timeout._onTimeout (file:///D:/code/Retail_code/BackEnd%20-%20Node/LOCAL_RETAIL_API%20-%2002-04-2024/controllers/Products/Product.js:389:34)
    at listOnTimeout (node:internal/timers:581:17)
    at process.processTimers (node:internal/timers:519:7)
